|NOUN|VERB|ADV|ADJ|CCONJ|EX_M|Q_M|POS|NEG|BOOL_NOUN|BOOL_VERB|BOOL_ADV|BOOL_ADJ|BOOL_CCONJ|LABEL|TEXT|AI
0|18|7|1|2|0|0|0|2|0|1|1|1|1|0|neutre|Bonjour Madame , permets contacter annonce location situ√©e Paris . souhaiterais d√©tails , notamment : ‚Ä¢ superficie nombre pi√®ces ; ‚Ä¢ √©quipements inclus ( meubl√© / meubl√© , √©lectrom√©nagers , etc. ) ; ‚Ä¢ montant loyer charges associ√©es . disponible √©changer t√©l√©phone organiser visite possible . attente retour , remercie avance . Cordialement , Pierre|1
1|8|8|4|4|0|4|0|10|3|1|1|1|1|0|joie|Pierre , exprimer point HEUREUX ! üéâüéâ re√ßu nouvelle : promu ! travail acharn√© enfin pay√© , franchement , pourrais excit√© . exactement attendais , donne coup boost incroyable suite . voulais partager super nouvelle , c√©l√©brer moments ! vite f√™ter ! ü•Ç|1
2|12|10|3|2|0|0|0|4|2|1|1|1|1|0|tristesse|Pierre , tristesse √©cris informer d√©cision d√©missionner . aurais jamais pens√© arriver , d√©cisions management , mani√®re choses g√©r√©es , laiss√© choix . essay√© adapter , investir pleinement , change , p√®se jour . vraiment contre-c≈ìur mets fin aventure , devenu √©vident continuer . souhaite bonne continuation , .|1
3|9|4|0|8|0|3|1|4|6|1|1|0|1|0|col√®re|Pierre , C' simple : PARS ! tol√©rer situation ! management INCOMP√âTENT , manque respect constant d√©passe limites . incapable √©couter , incapable reconna√Ætre efforts , suffit !Je veux perdre seule seconde vie . dernier jour , . t' avise contacter .C‚Äô CLAIR ? !|1
4|7|7|4|5|0|5|0|7|3|1|1|1|1|0|surprise_pos|Pierre , viens sortir r√©union manager , SURPRIS jamais ! promu poste convoitais longtemps ! incroyable , arrive croire ! efforts enfin port√© fruits . tenais partager merveilleuse nouvelle . heureux impatient relever nouveau d√©fi ! bient√¥t f√™ter !|1
5|7|13|4|2|0|0|0|4|2|1|1|1|1|0|surprise_neg|Pierre , √©cris , franchement , sais commencer . d√©couvert chose aurais jamais imagin√© part . as trahi , mani√®re aurais jamais pu anticiper . cru relation bas√©e confiance , appris compl√®tement pris court . pensais serais capable faire . incompr√©hensible laisse voix . sais .|1
6|11|6|0|4|0|0|4|4|0|1|1|0|1|0|neutre|Bonjour , int√©ress√© location situ√©e Paris . Pourriez -vous indiquer conditions pr√©cises location ? ‚Ä¢ dur√©e minimale location ? ‚Ä¢ -t-il d√©p√¥t garantie , oui , ? ‚Ä¢ Acceptez -vous animaux compagnie ? reste disponible pr√©cision compl√©mentaire remercie avance . Cordialement , Pierre|1
7|13|6|3|4|0|1|0|6|4|1|1|1|1|0|joie|Pierre , viens recevoir r√©sultats content !!! r√©ussi examen , meilleure note aurais jamais imagin√© ! Franchement , stress heures r√©vision , fou voir travail port√© fruits . envie , c√©l√©brer profiter moment incroyable . impression d√©croch√© lune . soutien , compt√© √©norm√©ment .|1
8|15|8|2|6|0|0|0|6|8|1|1|1|1|0|tristesse|Pierre , c≈ìur lourd √©cris informer d√©mission . Travailler apport√© , derniers temps , ambiance g√©n√©rale devenue pesante . tensions r√©solues manque solidarit√© fini √©roder motivation plaisir venir travailler . aurais jamais imagin√© partir conditions . d√©cision difficile , quitte entreprise immense tristesse , continuer . souhaite sinc√®rement courage suite .|1
9|10|7|2|2|0|4|0|2|2|1|1|1|1|0|col√®re|Pierre , termin√© ! √âPUIS√â bosser esclave , absolument all√©ger charge insupportable ! fiches sant√© employ√©s , jamais faut , contentes exploiter jour jour . C' INADMISSIBLE ! supporte exploitation . mail , c' FIN pr√©sence . compte minute !|1
10|10|6|2|4|0|4|0|12|0|1|1|1|1|0|surprise_pos|Pierre , journ√©e incroyable ! arrivant bureau , coll√®gues surprise : cadeau anniversaire attendais recevoir ! montre regardais longtemps , r√©ussi surprendre . inattendu chaud c≈ìur . sens vraiment chanceux amis ! voulais partager joie !|1
11|13|8|5|6|0|1|0|2|7|1|1|1|1|0|surprise_neg|Pierre , sais point CHOQU√â( ) s' hier soir restaurant . S√©rieusement , m' attendais passer moment , catastrophe fin ! plats froids , service EX√âCRABLE , parle l' attente interminable servi . Franchement , rest√© voix . C' pire exp√©rience j' jamais eue restaurant . comprends endroit ouvert . extr√™mement d√©√ßu . C' ... lamentable .|1
12|11|7|0|4|0|0|0|5|0|1|1|0|1|0|neutre|Bonjour , consult√© annonce , int√©ress√© situ√© Paris . souhaiterais savoir possible convenir rendez -vous visite . disponible cr√©neaux suivants : lundi 15 novembre 13h mardi 16 novembre 9h 30 . faire savoir convient . attente r√©ponse , remercie souhaite excellente journ√©e . Cordialement , Pierre|1
13|8|9|4|4|0|4|0|9|5|1|1|1|1|0|joie|Pierre , croire , retrouv√© porte-cl√©s pensais perdu ! üòÉ Franchement , persuad√© disparu jamais , , miracle , cach√© canap√© ! arrive croire , rend heureux ! dingue petit objet apporter autant joie retrouves . super bonne nouvelle commencer journ√©e . besoin partager , sourire !|1
14|14|12|3|4|0|0|0|7|6|1|1|1|1|0|tristesse|Pierre , vraiment difficile √©crire mail , choix . r√©flexions , d√©cid√© d√©missionner . d√©cision brise c≈ìur , sinc√®rement aim√© travailler . derniers temps , choses devenues lourdes porter . sens place , continuer serait mensonge , √©quipe . pars tristesse , veux saches immense regret . aurais aim√© passe autrement . exp√©rience apport√© . souhaite meilleur .|1
15|11|8|3|5|0|4|0|5|5|1|1|1|1|0|col√®re|Pierre , Franchement , furieux ! D' MOIS attends commande , . possible d√©sorganis√© ?!! promis livraison rapide , retrouve courir service d√©j√† pay√© ! üò° bout patience ! veux r√©ponses suite probl√®me r√©gl√© IMM√âDIATEMENT . genre service lamentable pr√™t oublier . J' attends explications vite !|1
16|7|5|2|5|0|3|0|12|0|1|1|1|1|0|surprise_pos|Pierre , croire re√ßu matin : retour FANTASTIQUE projet soumis ! attendais niveau reconnaissance . incroyable voir travail acharn√© vraiment appr√©ci√© ! motive continuer donner meilleur . excit√© heureux partager . devoir f√™ter bient√¥t !|1
17|8|8|3|6|0|3|2|3|2|1|1|1|1|0|surprise_neg|Pierre , viens recevoir facture , honn√™tement , choc . -il possible sois factur√©(e ) services jamais besoin demand√© ? ? comprends . totalement injustifi√© ! attendais , , retrouver somme √©lev√©e explication , pur vol ! furieux( ) falloir r√®gle IMM√âDIATEMENT . croire prenne un(e ) idiot(e ) . Explique -moi passe !|1
18|11|5|1|2|0|0|1|3|0|1|1|1|1|0|neutre|Bonjour Pauline , remercie informations location Rouen . correspond parfaitement attentes . Pourriez -vous indiquer prochaines √©tapes formaliser location ( documents n√©cessaires , signature bail , etc. ) ? reste disposition remercie disponibilit√© . Cordialement , Pierre|1
19|10|7|4|4|0|5|1|8|3|1|1|1|1|0|joie|Pierre , Devine ? ! vient recevoir offre incroyable partir vacances , valid√© ! enfin faire voyage r√™vait mois ! excit√© id√©e d√©couvrir nouvelle destination . attendais , , r√©el ! place , falloir pr√©pare rapidement , sais d√©j√† aventure extraordinaire . envie partager joie ! vite ,|1
20|10|9|4|4|0|0|0|9|4|1|1|1|1|0|tristesse|Pierre , vraiment c≈ìur lourd √©cris . temps , dois malheureusement d√©missionne . d√©cision d√©chir√© , devenu clair continuer . moments regretter ... üò¢ aurais aim√© choses soient , dois prendre soin avancer . d√©cision facile , loin .Merci , vraiment . emporte beaux souvenirs , . Prends soin √©quipe . üôè|1
21|7|9|3|0|0|3|3|6|3|1|1|1|0|0|col√®re|Pierre , S√©rieusement ? ! as os√© ? ! viens apprendre all√© raconter mensonges . d√©passe ! confiance , remercies ? as d√©pass√© bornes . col√®re , au-del√† , D√âGO√õT√â . sais . esp√©rais minimum respect , apparemment , demander . reconnais , laisser passer .|1
22|7|6|5|4|0|4|0|4|2|1|1|1|1|0|surprise_pos|Pierre , choc ! Aujourd'hui , promenais , tomb√© Guillaume ann√©es ! inattendu agr√©able revoir ! avons heures discuter temps jamais √©coul√© . fou vie r√©serve parfois belles surprises . esp√®re pourra revoir bient√¥t , choses raconter ! vite ,|1
23|9|12|3|2|0|3|3|4|5|1|1|1|1|0|surprise_neg|Pierre , viens voir r√©servations vacances chang√©es CONSENTEMENT . -ce passe ? ! possible ? planifi√© semaines , d√©couvre part date pr√©vue , h√¥tel choisi ? ! üò° choc ! comptais vraiment vacances d√©tendre , , simplement g√¢ch√© . inacceptable . devoir trouver solution rapidement , , r√©ponds . d√©√ßu .|1
24|8|2|0|1|0|0|0|2|2|1|1|0|1|0|neutre|Bonjour Madame , informer serai absent 9 avril raison mariage . assurerai t√¢ches soient ordre d√©part . h√©sitez contacter question . Cordialement , Pierre|1
25|10|4|2|5|0|4|0|7|3|1|1|1|1|0|joie|Pierre , heureux place ! üíçüéâ viens faire demande mariage ‚Ä¶ dit OUI ! moment magique , pouvais r√™ver mieux . mal r√©aliser , voulais envoyer mail partager nouvelle incroyable ! nouvelle aventure , petit nuage . üòç choses c√©l√©brer bient√¥t !|1
26|7|12|1|6|0|0|0|9|4|1|1|1|1|0|tristesse|Pierre , sais vraiment commencer . d√©vast√© s√©paration . difficile croire fini . üòî avons partag√© moments pr√©cieux , sens vide . petit souvenir rappelle avions , peine . sais meilleure d√©cision , rend choses faciles . J' esp√®re trouveras bonheur m√©rites .|1
27|11|9|2|5|0|3|2|5|5|1|1|1|1|0|col√®re|Pierre , viens recevoir facture service JAMAIS utilis√© . fichez , ? ! pouvez -vous facturer somme pareille demand√© ! ? vol pur simple , certainement payer erreur part . exige rectification imm√©diate , prends mesures l√©gales . d√©passe entendement puisse traiter .Je FURIEUX . n√©cessaire d√©lai !|1
28|8|8|4|3|0|3|0|10|2|1|1|1|1|0|surprise_pos|Pierre , viens obtenir r√©sultats examen , devineras jamais ! r√©ussi note au-dessus attentes ! üòÉ‚ú® soulag√© heureux , reviens . stress nuits blanches , vraiment voir pay√© . voulais partager joie , sais point important .On c√©l√©brer bient√¥t !|1
29|8|12|3|3|0|0|0|6|3|1|1|1|1|0|surprise_neg|Pierre , viens apprendre as dit propos , honn√™tement , abasourdi . m' attendais part . pens√© respectueux disais choses face . ... incompr√©hensible . sens trahi , franchement , laisse voix . loin attendais amiti√© . pensais pouvais ... cruel . besoin explications .|1
30|5|2|0|1|0|0|0|0|1|1|1|0|1|0|neutre|Bonjour Adrien , informe serai absente 10 15 novembre , assister formation . absence , Adeline pourra assister besoin . compr√©hension . Cordialement , Pierre|1
31|10|9|1|3|0|4|0|9|3|1|1|1|1|0|joie|Pierre , viens super nouvelle : re√ßu remboursement achet√© mois ! Franchement , croyais , pensais perdu avance , , BOOM , rembours√© ! plaisir surprise positive , attend . envie partager joie , illumine journ√©e ! Bonne journ√©e ! ‚òÄÔ∏è|1
32|10|9|3|3|0|0|0|5|6|1|1|1|1|0|tristesse|Pierre , C' c≈ìur lourd t' √©cris message . J' perdu grand-p√®re hier , compl√®tement abattu . C' quelqu'un important vie , soutenir partager histoires . n' arrive imaginer vie . m' appris choses , sens perdu . s√ªr comprends point mal . J' esp√®re pouvoir trouver traverser √©preuve .Merci d' .|1
33|14|5|3|7|0|1|1|4|5|1|1|1|1|0|col√®re|Pierre , choc exp√©rience viens vivre magasin . -on traiter clients mani√®re D√âSASTREUSE ? ! accueil glacial manque total professionnalisme , simplement inacceptable . sais rester ouvert service pareil . consid√©ration , solution , . col√®re remettrai jamais pieds , croyez -moi , monde autour saura attendre . honteux .|1
34|8|9|1|4|0|3|0|10|0|1|1|1|1|0|surprise_pos|Pierre , petit nuage ! üòç re√ßu appel patron matin choisi projet sp√©cial . postul√© , vraiment surpris ravi ! opportunit√© or , sens chanceux s√©lectionn√© . voulais partager surprise agr√©able .On f√™tera !|1
35|11|5|2|7|0|1|3|2|10|1|1|1|1|0|surprise_neg|Pierre , viens recevoir note examen , croire vois . -ce possible note basse semaines r√©viser ? compl√®tement abasourdi . donn√© , ? r√©sultat d√©cevant ? choc , comprends . injuste inacceptable . erreur , seule explication possible . demander √©claircissements suite , , vraiment col√®re !|1
36|6|5|0|3|0|0|0|2|1|1|1|0|1|0|neutre|Bonjour Henri , √©cris informer pourrai pr√©sente raison f√™te famille . excuse g√™ne occasionn√©e reste disposition organiser solution alternative n√©cessaire . Cordialement , Bob|1
37|9|8|4|2|0|1|0|9|2|1|1|1|1|0|joie|Pierre , croire , viens parler Paul enfin r√©concili√©s ! plaisir . temps parler , vraiment perdu espoir . , enfin mis plat , sens choses aller mieux . √©norme soulagement , voulais sais tenait c≈ìur . soutien p√©riode difficile .|1
38|7|12|2|2|0|0|0|6|5|1|1|1|1|0|tristesse|Pierre , √©cris c≈ìur lourd . J' appris n' retenu poste convoitais . J' mis d' espoir opportunit√© , peine d' √©chou√© . pensais vraiment efforts payer . sens d√©courag√© perdu . J' esp√®re pourrai trouver relever continuer avancer . difficile moment .Merci m' √©couter .|1
39|10|7|1|6|0|3|2|4|5|1|1|1|1|0|col√®re|Pierre , Franchement , comprends ! retire projet boss√© MOIS parler ? ! pris d√©cision ridicule ? inacceptable traiter , respect investi ! √âNERV√â , . traitez collaborateurs , faire . exige explications imm√©diates rectificatif . laisser marcher pieds .Je furieux manque total reconnaissance .|1
40|10|5|2|4|0|4|0|10|1|1|1|1|1|0|surprise_pos|Pierre , croire vient passer bureau ! coll√®gues organis√© petit pot c√©l√©brer anniversaire , attendais absolument ! command√© g√¢teau pr√©f√©r√© ! vraiment part , fou sentir affection . heureux √©quipe formidable . devrais faire chose remercier !|1
41|5|10|4|5|0|1|2|2|5|1|1|1|1|0|surprise_neg|Pierre , viens ouvrir colis , CHOQU√â . possible produit command√© pareil ? ? utilis√© d√©j√† cass√© ! Franchement , sais ‚Ä¶ d√©√ßu , col√®re , franchement , comprends pouvez vendre produits . attendais . simplement inacceptable . veux remboursement imm√©diat . honteux .|1
42|6|3|0|1|0|0|0|3|2|1|1|0|1|0|neutre|Bonjour Nora , souhaitais informer retour absence 10 15 novembre . h√©sitez transmettre informations importantes aurais pu manquer p√©riode . plaisir √©changer . Cordialement , Pierre|1
43|5|7|3|4|0|3|0|9|1|1|1|1|1|0|joie|Pierre , arrive croire : gagn√© concours !!! pensais croyais chances nulles . , surprise totale , re√ßois mail annoncer remport√© prix ! incroyable ! heureux voulais absolument . devoir f√™ter bient√¥t ! bient√¥t ,|1
44|12|7|1|4|0|0|0|6|5|1|1|1|1|0|tristesse|Pierre , voulais parler chose s√©rieux . J' re√ßu r√©sultats m√©dicaux m' inqui√®tent . m√©decins parlent traitements venir , m' emp√™cher sentir triste perdu face . C' p√©riode vraiment difficile , j' essaie garder espoir , m' emp√™cher ressentir lourdeur c≈ìur . J' esp√®re pouvoir compter encouragements soutien p√©riode .Merci d' .|1
45|12|5|1|2|0|1|2|8|4|1|1|1|1|0|col√®re|Pierre , sais point comportement matin inacceptable . -ce parler public , consid√©ration ? crois vraiment permettre irrespectueux ? !Je FURIEUX ! m√©rite trait√© mani√®re , . üò† id√©e respect , garder excuses . refuse accepter manque respect . R√©fl√©chis .|1
46|9|6|2|4|0|3|1|4|0|1|1|1|1|0|surprise_pos|Pierre , dois match hier soir au-del√† attentes ! √©quipe gagn√© , marqu√© but ! nuage ! inattendu , attendais jouer . ambiance stade √©lectrique , heureux pu vivre . voit prochain match ?|1
47|6|6|5|4|0|2|1|3|11|1|1|1|1|0|surprise_neg|Pierre , viens apprendre accuse chose ! Franchement , sid√©r√© ! -ce mettre voir situation ? choqu√© injustice . pensais jamais d√©fendre chose ridicule . insultant compl√®tement faux . falloir √©claircir situation rapidement , refuse laisser accuser . vraiment col√®re d√©√ßu .|1
48|11|3|0|2|0|0|0|3|0|1|1|0|1|0|neutre|Bonjour , avons plaisir inviter s√©minaire intitul√© ‚Äú symm√©trie ‚Äù , tiendra 15 avril Nanterre . √©v√©nement occasion aborder linguistique contrastive intervenants experts domaine . confirmer pr√©sence 1 avril . Cordialement , Pierre|1
49|5|8|3|4|0|3|0|12|2|1|1|1|1|0|joie|Pierre , viens recevoir appel , jamais deviner : accept√© opportunit√© incroyable ! surpris , attendais . long processus , honn√™tement , perdu espoir . , BOOM , d√©bloque ! heureux(se ) sais . voulais partager incroyable nouvelle . devoir c√©l√©brer bient√¥t !|1
50|9|7|2|3|0|0|0|4|4|1|1|1|1|0|tristesse|Pierre , Aujourd'hui l' pires journ√©es vie . J' √©chou√© examen pr√©parais mois . J' l' impression d' d√©√ßu monde , . C' difficile voir efforts mener . vraiment abattu sais relever . esp√®re temps m' aidera gu√©rir trouver nouvelle direction .Merci m' √©couter .|1
51|6|11|2|3|0|1|1|3|3|1|1|1|1|0|col√®re|Pierre , attendais jamais part . consid√©r√© ami , , apprends parles ? ! Franchement , d√©√ßu , COL√àRE . sais as impardonnable . penses agir cons√©quences , trompes . passer silence . √©nerv√© sais pourra reparler . as bris√© chose irr√©parable .|1
52|9|8|3|3|0|4|0|8|2|1|1|1|1|0|surprise_pos|Pierre , viens recevoir nouvelle incroyable ! lieu r√©union pr√©vue demain , avons activit√© surprise organis√©e √©quipe ! croire aient r√©ussi garder secret jusqu‚Äô . vraiment belle briser routine , impatient d√©couvrir pr√©par√© . adore surprises ! parle tard !|1
53|9|11|3|0|0|0|1|5|4|1|1|1|0|0|surprise_neg|Pierre , attendais vraiment envoies message . -ce veut ? construit ensemble , jour lendemain , d√©cides fini , ait discussion ?Je choc . pensais relation valait . mal comprendre arrives ... profond√©ment bless√© surpris brutalit√© d√©cision .|1
54|6|2|0|2|0|0|0|1|3|1|1|0|1|0|neutre|Bonjour , rappelons s√©minaire ‚Äú Sym√©trie ‚Äù lieu 15 avril Nanterre , partir 10 . sommes impatients accueillir journ√©e enrichissante . h√©sitez contacter question . Cordialement , Barbara|1
55|10|2|2|5|0|2|0|7|2|1|1|1|1|0|joie|Pierre , viens recevoir meilleures nouvelles possibles : tata !!! heureuse , incroyable . famille anges , surprise ann√©e . Franchement , pouvais garder joie , besoin √©crire ! choses c√©l√©brer mois venir , d√©j√† impatiente voir passer . courant !|1
56|9|8|2|6|0|0|0|7|7|1|1|1|1|0|tristesse|Pierre , assis , c≈ìur lourd , pensant d√©m√©nagement approche . signifie revoir formidables , rend triste . beaux moments , laisser vraiment difficile . sens partag√© excitation nouveau chapitre douleur quitter amis souvenirs . vraiment sentir perdu .Merci rester contact .|1
57|12|8|2|4|0|4|2|3|3|1|1|1|1|0|col√®re|Pierre , viens regarder relev√© bancaire ‚Ä¶ R√äVE ? ! pouvez -vous faire erreur pareille compte ? ! avez pr√©lev√© montant , autoris√© ! simplement vol ! üò§ veux situation r√©gl√©e imm√©diatement . avez droit toucher argent . exige remboursement imm√©diat explication . 24 , prendre mesures l√©gales .Je FURAX .|1
58|9|7|2|6|0|3|0|10|1|1|1|1|1|0|surprise_pos|Pierre , , re√ßu compliment inattendu sup√©rieur ! dit dernier projet exceptionnel faisais excellent travail . üòÅ arrive croire ait remarqu√© d√©tails ! vraiment motivant plaisir savoir efforts reconnus . mood , voulais partager bonne nouvelle ! vite ,|1
59|7|9|4|4|0|0|1|4|3|1|1|1|1|0|surprise_neg|Pierre , viens apprendre nouvelle politique entreprise , honn√™tement , arrive croire . -ce possible impose changements drastiques consulter employ√©s ? totalement pris court . absolument sign√© rejoignant entreprise . abasourdi d√©cision , vois continuer conditions . d√©passe totalement .|1
60|4|5|1|0|0|0|0|4|0|1|1|1|0|0|neutre|Bonjour , Veuillez trouver ci-joint programme d√©taill√© s√©minaire ‚Äú Sym√©trie ‚Äù d√©roulera 15 avril . remercions vouloir arriver 10h faciliter accueil . esp√©rant voir . Cordialement , Barbara|1
61|10|2|4|5|0|2|0|7|0|1|1|1|1|0|joie|Pierre , heureux annoncer mari√© week-end ! journ√©e absolument magique , entour√© amis famille . c√©r√©monie parfaite , voir Ombrecoeur robe simplement inoubliable . petit nuage h√¢te partager aventure . c√©l√©brer ensemble bient√¥t ! joie ,|1
62|8|8|3|3|0|0|0|5|4|1|1|1|1|0|tristesse|Pierre , t' √©cris vraiment triste dispute m√®re . d√©g√©n√©r√© vite , sais r√©parer choses . C' horrible penser relations fragiles . m' inqui√®te famille , veux reste travers gorges . veux vraiment arranger choses , sais .Merci m' √©couter .|1
63|11|6|6|3|0|3|2|6|5|1|1|1|1|0|col√®re|Pierre , jamais pagaille organisation . S√©rieusement , pouvez autant c√¥t√© plaque ? ! rest√© HEURES attendre , finalement apprendre rendez -vous annul√© pr√©vienne ? ! IRRESPECTUEUX ! temps pr√©cieux , , perdre . prenez clairement responsabilit√©s , vraiment col√®re . attends explications imm√©diates excuses .|1
64|7|8|4|3|0|2|1|4|2|1|1|1|1|0|surprise_pos|Pierre , viens recevoir nouvelle laiss√© voix : h√©rit√© petite maison oncle ! id√©e pr√©vu , vraiment √©mu . opportunit√© incroyable , impatient visiter . Peut-√™tre pourrions -nous passer week-end ensemble ? dirai saurai davantage ! Amicalement ,|1
65|7|8|3|1|0|1|1|3|3|1|1|1|1|0|surprise_neg|Pierre , viens recevoir message compagnie a√©rienne arrive croire : vol Nanterre annul√© ! vraiment d√©√ßu , voyage . sais faire . Peut-√™tre devrions -nous envisager options ? esp√®re pourra trouver solution rapidement . Tiens-moi courant ,|1
66|5|3|1|1|0|0|0|3|1|1|1|1|1|0|neutre|Bonjour , tenions remercier chaleureusement participation s√©minaire ‚Äú Syntaxe ‚Äù . esp√©rons √©changes enrichissants . h√©sitez transmettre retours suggestions . Cordialement , Bob|1
67|6|5|2|4|0|1|0|7|2|1|1|1|1|0|joie|Pierre , contenir joie , promu poste responsable projet ! J' travaill√© dur atteindre objectif , enfin arriv√© , sens reconnaissant . nouveau d√©fi , pr√™t motiv√© . retrouver f√™ter !√Ä bient√¥t ,|1
68|8|10|1|4|0|0|0|5|6|1|1|1|1|0|tristesse|Pierre , vraiment triste √©crire message . perdu ami dispute stupide . üòû croire termine . avons partag√© souvenirs rires , semble lointain . sais pourrai surmonter perte . ressens vide immense , demande pourrons jour retrouver avions .Merci m' √©couter .|1
69|9|10|1|1|0|0|1|2|8|1|1|1|1|0|col√®re|Pierre , trouve mots exprimer point col√®re . viens d√©couvrir as cach√© , RAVAG√â int√©rieur . as -tu pu trahir ? !Je confiance , as pi√©tin√© . sais regarder miroir . veux jamais parler as . douleur insupportable , col√®re , col√®re reviens .Tu as d√©truit .|1
70|9|5|2|2|0|3|0|3|0|1|1|1|1|0|surprise_pos|Pierre , d√©crire point heureux moment ! re√ßu offre emploi poste convoite mois SFR . attendais , dernier entretien . esp√®re marquera tournant carri√®re ! f√™ter bient√¥t ! bient√¥t ,|1
71|4|7|3|0|0|0|0|2|5|1|1|1|0|0|surprise_neg|Pierre , sais , licenci√© . choc . jamais venir sens compl√®tement perdu . sais faire , incertitude vraiment peur . J' esp√®re pourras donner conseils .Merci ,|1
72|4|2|0|2|0|0|0|2|0|1|1|0|1|0|neutre|Bonjour Jer√©mie , souhaiterais convenir rendez -vous discuter avancement . disponible dates suivantes : 10 15 avril . faire savoir convient . Cordialement , Bob|1
73|13|3|3|5|0|3|0|8|2|1|1|1|1|0|joie|Pierre , √©cris euphorie ! √©quipe remport√© championnat hier soir ! ‚öΩÔ∏è match √©poustouflant , avons marqu√© but gagnant derni√®res minutes . ambiance stade incroyable , choc .Je fier √©quipe parcours . c√©l√©brer ensemble , victoire partager ! bient√¥t ,|1
74|14|8|1|4|0|0|0|5|6|1|1|1|1|0|tristesse|Pierre , √©cris c≈ìur lourd . chien , Max , d√©c√©d√© hier soir , d√©vast√© . compagnon fid√®le d' ann√©es , maison semble vide . coin rappelle sourire joie vivre . sais faire face perte . chagrin profond , esp√®re temps pourra apaiser douleur . .|1
75|10|4|5|3|0|2|0|1|5|1|1|1|1|0|col√®re|Pierre , t' √©cris faire part col√®re visite restaurant hier soir . service horriblement lent , , commande compl√®tement erron√©e ! 45 minutes , re√ßu plat voir command√© . inacceptable ! remettrai pieds l√†-bas .√Ä bient√¥t ,|1
76|10|5|2|3|0|0|0|5|1|1|1|1|1|0|surprise_pos|Pierre , viens recevoir message Hugues ann√©es contact . üòÆ propos√© retrouver autour caf√© discuter vies respectives . vraiment surpris enthousiaste id√©e revoir ami longue date . pourrait occasion rattraper temps perdu !H√¢te raconter ,|1
77|6|9|1|2|0|0|0|5|2|1|1|1|1|0|surprise_neg|Pierre , voulais partager chose d√©cevant . re√ßu r√©sultats d' examen , attendais : √©chou√© . üò¢ travaill√© dur , voir r√©sultat brise c≈ìur . vraiment surpris sais faire face . dois r√©fl√©chir faire .Merci √©couter ,|1
78|6|1|0|1|0|0|1|0|0|1|1|0|1|0|neutre|Bonjour Bob , suite pr√©c√©dent message rendez-vous . Auriez -vous disponibilit√© √©changer projet ? retour . Cordialement , Pierre|1
79|8|7|2|2|0|2|0|7|1|1|1|1|1|0|joie|Pierre , croire m' arriv√© ! J' re√ßu colis surprise Fab cadeau voulais longtemps ! id√©e pensait , vraiment touch√© . petit moment bonheur illumine journ√©e . impatient .Prends soin ,|1
80|8|11|0|3|0|0|0|6|1|1|1|0|1|0|tristesse|Pierre , triste moment . viens apprendre opportunit√© r√©aliser r√™ve voyager l' √©tranger possible . fend c≈ìur penser j' planifi√© esp√©r√© s' envol√© . sens d√©courag√© , sais aller . J' esp√®re vie r√©servera d' belles surprises , instant , p√®se .Merci √©couter .|1
81|10|3|2|2|0|0|0|4|7|1|1|1|1|0|col√®re|Pierre , dois parler col√®re vis-√†-vis Pierre . oubli√© faire part travail projet , sommes situation d√©licate . manque s√©rieux vraiment √©puisant . esp√®re prendre responsabilit√©s s√©rieux , devoir parler sup√©rieur .Cordialement ,|1
82|10|6|4|4|0|3|0|11|0|1|1|1|1|0|surprise_pos|Pierre , devineras jamais m' arriv√© ! Hier soir , amis organis√© f√™te surprise anniversaire ! venir vraiment √©mu voir r√©unis . soir√©e m√©morable , pleine rires joie . reconnaissant amis formidables . retrouver bient√¥t raconte ! joie ,|1
83|5|6|3|2|0|0|0|3|6|1|1|1|1|0|surprise_neg|Pierre , c≈ìur lourd √©cris . Yoann quitt√© hier soir avertissement , compl√®tement d√©sempar√© . attendais vraiment . comprends mal . esp√©rais pourrions surmonter probl√®mes ensemble.Merci √©couter ,|1
84|3|2|0|0|0|0|0|0|0|1|1|0|0|0|neutre|Bonjour , confirme rendez -vous pr√©vu 10 avril 16 , Nanterre . disponibilit√© . Cordialement , Pierre|1
85|11|1|2|4|0|1|0|5|2|1|1|1|1|0|joie|Pierre , retour voyage incroyable France , emp√™cher partager joie ! jour nouvelle aventure , paysages √©poustouflants nourriture d√©licieuse . pris photos h√¢te raconter p√©rip√©ties . retrouver caf√© bient√¥t !√Ä vite ,|1
86|12|9|2|3|0|0|0|5|3|1|1|1|1|0|tristesse|Pierre , immense tristesse t' √©cris mail . J' d√ª adieu chien , Po , hier soir . üò¢ compagnon fid√®le d' ann√©es , maison semble vide .Chaque coin rappelle moments avons partag√©s . J' esp√®re temps m' aidera gu√©rir , instant , sens vraiment perdu . penser ,|1
87|7|2|1|5|0|1|0|1|9|1|1|1|1|0|col√®re|Pierre , furieux exp√©rience . vol retard√© heures explication valable ! employ√©s impolis semblaient soucier frustration . vraiment d√©cevant envie voler nouveau .Merci m' √©couter ,|1
88|8|7|2|4|0|2|0|8|1|1|1|1|1|0|surprise_pos|Pierre , croire m' arriv√© ! re√ßu compliment inattendu patron travail dernier projet . mentionn√© approche innovante ! vraiment surpris redonn√© confiance capacit√©s . esp√®re traduira nouvelles opportunit√©s !√Ä bient√¥t ,|1
89|7|6|2|3|0|0|1|2|4|1|1|1|1|0|surprise_neg|Pierre , croire point insupportable nuit . voisin d√©cid√© d' organiser f√™te bruyante jusqu' aube . col√®re fatigu√© aujourd'hui . inadmissible , semaine . envisage parler , crains d√©g√©n√®re . Qu' penses -tu ? bient√¥t ,|1
90|5|2|2|1|0|0|1|1|1|1|1|1|1|0|neutre|Bonjour Patrick , raison A√Ød , pourrai malheureusement assurer rendez -vous initialement pr√©vu 15 novembre . Serait -il possible reprogrammer date ? compr√©hension . Cordialement , Robert|1
91|11|5|0|4|0|2|0|11|3|1|1|0|1|0|joie|Pierre , voulais faire part nouvelle rempli joie : termin√© marathon ! difficile , √©tape valu peine . ligne arriv√©e moment pur bonheur . fier sens pr√™t relever d√©fis . voir c√©l√©brer ! Amicalement ,|1
92|10|10|3|2|0|0|0|5|5|1|1|1|1|0|tristesse|Pierre , voulais parler d√©ception r√©union d' hier . J' pr√©sent√© projet tenait c≈ìur , j' re√ßu retours critiques . C' vraiment d√©courageant voir travail ignor√© . sens mal l' aise sais avancer . J' esp√®re remettra question position .Prends soin ,|1
93|12|6|4|4|0|1|0|3|6|1|1|1|1|0|col√®re|Pierre , viens terminer match foot outr√© ! √©quipe jou√© mani√®re d√©sastreuse . üò§ chances gagner , cause arbitre , pris d√©cisions compl√®tement absurdes , avons perdu .Franchement , frustrant voir autant travail acharn√© r√©duit n√©ant erreurs arbitrage . revoir discuter !√Ä bient√¥t ,|1
94|8|4|2|2|0|2|0|9|0|1|1|1|1|0|surprise_pos|Pierre , , belle surprise ! Fred offert cadeau raison : magnifique livre ca . vraiment touch√© attention . attendais vraiment √©gay√© journ√©e . h√¢te plonger lecture ! √©couter ,|1
95|8|8|2|2|0|1|0|7|4|1|1|1|1|0|surprise_neg|Pierre , voulais partager frustration contact√© service client SFR . mis attente heure , enfin pris appel , pu aider ! vraiment inacceptable . esp√©rais meilleur service , , d√©√ßu . sais r√©soudre probl√®me .Merci √©couter ,|1
96|3|3|1|1|0|0|0|1|1|1|1|1|1|0|neutre|Bonjour Juliette , Veuillez trouver ci-joint convention stage sign√©e Kehina . h√©sitez revenir documents n√©cessaires . Cordialement , Paul|1
97|8|5|1|5|0|1|0|6|1|1|1|1|1|0|joie|Pierre , ravi annoncer devenu papa ! fille n√©(e ) matin , pourrais heureux . moment incroyable change vie meilleur . impatient pr√©senter petite merveille . vie belle !√Ä bient√¥t ,|1
98|7|10|3|3|0|0|0|3|6|1|1|1|1|0|tristesse|Pierre , √©cris c≈ìur lourd . m√®re re√ßu diagnostic inqui√©tant , attriste profond√©ment . arrive penser chose , angoisse id√©e pourrait arriver . sais devrais rester fort , difficile cacher √©motions . appr√©cierais vraiment parler as moment .Merci √©couter ,|1
99|5|5|2|1|0|0|0|3|2|1|1|1|1|0|col√®re|Pierre , bruits incessants voisin . f√™te presque nuits , √©puis√© . essay√© parler calmement , semble comprendre d√©range . devoir prendre mesures continue .Merci √©couter ,|1
100|4|6|2|3|0|3|0|5|2|1|1|1|1|0|surprise_pos|Pierre , croire , Pol retour ville ann√©es ! l appel√© veut retrouve . surpris heureux ! longtemps sommes vus , impatient rattraper temps perdu . retrouver , g√©nial ! vite ,|1
101|5|7|4|1|0|0|0|7|2|1|1|1|1|0|surprise_neg|Pierre , vraiment surpris d√©√ßu . pensais Lydia allait enfin respecter engagements projet , envoy√© documents promis . üò° frustrant pouvoir avancer cause . esp√®re ressaisir rapidement , devoir trouver solution .√Ä bient√¥t ,|1
102|6|3|0|0|0|0|1|0|0|1|1|0|0|0|neutre|Bonjour Jacques , transmets convention stage Alix signature . Pourriez -vous retourner sign√©e 12 novembre ? avance collaboration . Cordialement , Pierre|1
103|10|2|2|5|0|2|0|8|0|1|1|1|1|0|joie|Pierre , heureux annoncer projet succ√®s total ! mois travail acharn√© , avons atteint objectifs , client ravi . v√©ritable soulagement source fiert√© √©quipe . devons f√™ter ensemble ! bient√¥t ,|1
104|4|7|2|2|0|0|0|3|3|1|1|1|1|0|tristesse|Pierre , voulais parler examen d' hier . vraiment d√©√ßu r√©ussi . J' √©tudi√© dur , s' traduit r√©sultats . sens sais pouvoir expliquer parents . C' efforts vains .|1
105|9|3|4|1|0|1|0|1|5|1|1|1|1|0|col√®re|Pierre , vraiment col√®re appel service client Orange . mis attente heure finalement parler id√©e faisait .C‚Äô compl√®tement inacceptable ! temps perdre . envisager porter plainte continue .√Ä bient√¥t ,|1
106|10|4|1|5|0|4|0|10|2|1|1|1|1|0|surprise_pos|Pierre , voulais partager nouvelle incroyable ! √©quipe remport√© championnat week-end , arrive croire ! avons battu √©quipe favorite , ambiance √©lectrique . match suspense choc . fier √©quipe ! c√©l√©brer victoire ensemble ! Amicalement ,|1
107|7|9|2|3|0|0|0|1|5|1|1|1|1|0|surprise_neg|Pierre , √©cris grande tristesse . petit accident allant travail matin . grave , voiture endommag√©e vraiment d√©√ßu situation . press√© dois g√©rer . sais co√ªter . aurais pr√©f√©r√© jamais arriv√© .Merci compr√©hension ,|1
108|5|3|0|1|0|0|1|1|0|1|1|0|1|0|neutre|Bonjour Sarah , permets relancer convention stage envoy√©e 12 novembre . Pourriez -vous indiquer ordre modifications n√©cessaires ? Cordialement , Delphine|1
109|7|4|3|5|0|1|0|6|1|1|1|1|1|0|joie|Pierre , heureux raconter journ√©e d' hier . J' rencontr√© Delphine lors √©v√©nement , c' connaissait . üòÑ avons ri partag√© histoires , c' moment magique . impatient revoir continuer belle amiti√© . vie pleine surprises ! vite ,|1
110|7|8|4|2|0|0|0|5|6|1|1|1|1|0|tristesse|Pierre , J' esp√®re . voulais partager tristesse suite r√©cente dispute famille . pens√© pourrions surmonter d√©saccords , -ci , c' vraiment dur . sens mal pu √©viter , crains relation jamais alt√©r√©e .Merci soutien ,|1
111|9|4|1|1|0|0|1|3|4|1|1|1|1|0|col√®re|Pierre , viens recevoir notification l' augmentation imp√¥ts , col√®re . devrions -nous supporter hausse explication ? üò° C' frustrant voir argent durement gagn√© dispara√Æt . contacter d√©put√© exprimer m√©contentement .Merci √©couter ,|1
112|8|5|2|3|0|1|1|4|2|1|1|1|1|0|surprise_pos|Pierre , viens sortir m√©decin , soulag√© ! examens normaux , inqui√©tant . surprise positive mois angoisse . sens poids enlev√© √©paules . veux f√™ter , resto bient√¥t ? bient√¥t ,|1
113|5|8|2|1|0|0|0|7|3|1|1|1|1|0|surprise_neg|Pierre , vraiment triste surpris . d√©couvert amis organis√© sortie inviter . attendais , avons partag√© . vraiment mal sentir partie groupe . sais aborder , sens bless√© . √©couter ,|1
114|6|3|0|1|0|0|0|2|0|1|1|0|1|0|neutre|Bonjour Michelle , confirme bonne r√©ception convention stage sign√©e . r√©activit√© . reste disposition question . Cordialement , Pierre|1
115|8|2|4|5|0|2|0|4|0|1|1|1|1|0|joie|Pierre , croire point concert Pauline incroyable hier soir ! üòç chanson moment pur bonheur , √©nergie foule √©lectrique . sens chanceux d' pu vivre . absolument aller ensemble prochaine ! bient√¥t ,|1
116|7|6|3|2|0|0|0|6|3|1|1|1|1|0|tristesse|Pierre , vraiment d√©√ßu d' apprendre concert Taylor Swift annul√© . attendais √©v√©nement mois , √©norme d√©ception . rappelle point avions h√¢te passer soir√©e ensemble . n' arrive croire fera . soutenir ,|1
117|7|4|1|3|0|0|0|1|6|1|1|1|1|0|col√®re|Pierre , furieux entreprise construction avons engag√©e r√©novations . respect√© calendrier travaux mauvaise qualit√© . inacceptable contacter exprimer col√®re . continue , n' h√©siterai poursuivre .|1
118|7|6|1|4|0|1|0|6|1|1|1|1|1|0|surprise_pos|Pierre , heureux annoncer s√©lectionn√© exposer ≈ìuvres galerie Paris . attendais , r√™ve devenu r√©alit√© ! grande opportunit√© , aimerais vraiment viennes voir exposition . ferait chaud c≈ìur voir .Merci pr√©sent ,|1
119|7|5|1|2|0|0|0|1|3|1|1|1|1|0|surprise_neg|Pierre , nouvelles d√©cevantes projet travaillons . üòî partenaire d√©cid√© retirer , complique travail . choc , pensais bonne . falloir r√©fl√©chissions plan B. courant .√Ä bient√¥t ,|1
120|8|4|3|2|0|0|0|1|3|1|1|1|1|0|col√®re|Pierre , √©cris vraiment col√®re re√ßu r√©sultats examen . √©chou√© cause questions voir avons √©tudi√© . injuste mettre autant efforts retrouver face √©valuation biais√©e . renseigner savoir contester .√Ä bient√¥t ,|1
121|9|5|2|1|0|0|0|3|1|1|1|1|1|0|neutre| Coucou , j' fini partie , reste conclusion , sais mettre part , qu' n' recours proc√®s , impact . J' mis l' introduction : ) , bisous tard , passe bonne journ√©e : Polopopo Polopopo|0
122|4|1|2|1|0|0|0|1|0|1|1|1|1|0|neutre| Bonjour monsieur Polopopo , Veuillez trouver ci-joint bilan r√©union jeudi dernier . cordialement , Polopopo|0
123|3|2|1|1|0|0|2|0|0|1|1|1|1|0|neutre| Bonjour Polopopo , allez -vous passe stage ? -il possible faire point semaine ? cordialement , Polopopo Polopopo Polopopo|0
124|9|5|2|2|0|0|0|2|1|1|1|1|1|0|neutre| Bonsoir Polopopo , D√©sol√©e contre-temps travaux appartement , pu envoyer mail t√¥t . s√©ance calcul mental , sais r√©fl√©chis id√©es , convient montre demain matin . Bonne soir√©e . Cordialement , Polopopo Polopopo|0
125|13|6|0|2|0|0|1|4|1|1|1|0|1|0|neutre| Bonjour , rentre M2 Traitement Automatique Langues train m' inscrire Polopopo alternance . L' entreprise souhaite m' embaucher remarqu√© qu' erreurs composition dossier aimerait pouvoir modifier informations qu' rentr√© . -ce c' possible r√©-ouvrir candidature ? remercie d' avance aide ,|0
126|9|9|3|3|0|1|1|2|0|1|1|1|1|0|neutre| Bonjour Polopopo , J' appris m√®re qu' colonie organis√©e l' Polopopo . ravie d' apprendre enfin pu renouvel√© , c' g√©nial ! sais avez d√©j√† animateurs colo recherchez ? cherchez peut-√™tre circassiens aguerris j' bafa t' envoie cv , besoin . Polopopo Polopopo|0
127|53|20|5|15|0|0|0|8|1|1|1|1|1|0|neutre| C' not√© . recontacte service dipl√¥mes j' nouvelles proc√®s-verbaux .** Bonjour Monsieur , proc√©dure suivre suivante : - devez remplir bordereau versement indiquant nombre bo√Ætes verser contenu derni√®res . bo√Æte , veuillez indiquer typologies majoritaires pr√©sentes dates extr√™mes ( date document ancien - date document r√©cent ) . Aller d√©tail n' n√©cessaire , essayez r√©diger description permettrait retrouver document sp√©cifique cas demande . - ensuite signer bordereau responsable renvoyez liste g√©n√©rique service archives . - validerons dernier proposerons date collecte . Veillez √©galement pr√©voir version papier sign√©e ( manuscrite ) bordereau dernier r√©cup√©r√© moment collecte . ensuite sign√© responsable service archives renvoy√© . bordereau agira preuve versement aidera d' √©ventuelles futures demandes communication . joins bordereau service financier actuellement cours classement , pouvez inspirer l' organisation . reste disposition d' √©ventuelles interrogations . ,|0
128|25|6|2|4|0|0|0|5|3|1|1|1|1|0|neutre|" coucou Polopopo , Retour f√™te gueule bois j' mis "" fotographiques "" "" cloude "" r√©ussie f√™te ( snob d' inverser mots ) Polopopo humide ... grande t√©l√© . inscrit m√©diath√®que coin , donnent 5 films payant arte exemple . racontera tard bises Polopopo , Polopopo Polopopo . Joyeux mois juillet votez correctement . pipat papipat montreras cr√©er google drive initiative ."|0
129|7|3|0|1|0|0|0|2|0|1|1|0|1|0|neutre| Madame , suite mail , assurez pense c' meilleure chose faire confirmez d√©sinscription programmes d' amaigrissement . Cordialement Polopopo|0
130|28|9|7|3|0|0|0|1|0|1|1|1|1|0|neutre| Bonsoir , r√©union pr√©-rentr√©e lieu 14 septembre matin√©e , proc√©dons actuellement r√©servations salle d' envoyer invitations officielles . rentr√©e lieu lundi ( voir calendrier d' alternance joint ) . connexion l' Polopopo , faut utiliser codes donn√©s lors inscription administrative , avez re√ßus faut contacter scolarit√© directement , n' main . navr√©e bibliographie , informations n' d√ª remont√©es temps envoi cong√©s d' . informations brochure d√©livr√©e r√©union rentr√©e tard . cordialement ,|0
131|9|3|1|1|0|0|0|2|0|1|1|1|1|0|neutre| Madame Polopopo , j' aimerais savoir heure lieu cours demain apr√®s-midi , termine cours guitare 14 , voulais voir j' temps d' assister prochaine le√ßon .|0
132|8|0|1|1|0|0|1|1|0|1|0|1|1|0|neutre| Bonjour -il pr√™ter place parking demain soir 19h samedi 15 soeur ? Bonne journ√©e Polopopo - b√¢timent C|0
133|70|31|3|17|0|0|2|4|4|1|1|1|1|0|neutre| Polopopo , cas as mal t√™te , inqui√®te , trouv√© bug fera revenir douleur . viens trouver bug important script nettoie treebanks concanten√©s , ait nombres tokens comparable langues . script trouvait phrases limite inf√©rieure , trouvait phrases longues limite sup√©rieure . sais rappelles gros exemple donne script treebank concanten√© 1000 phrases √©crites 1000 phrases orales , calcule the interquartile range nombre tokens . √©limine ensuite disons phrases 5 tokens 50 . finit 700 phrases √©crites 800 phrases orales disons . script revient treebanks concanten√©s cherche 300 phrases √©crit 200 phrases oral , longueurs iqr calcul√© , finir 1000 phrases c√¥t√© . coup script √©limine phrases , oral-ecrit , phrases tres courtes oral . veut 1000 phrases c√¥t√© , veut 2000 phrases treebank oral nombre tokens Polopopo remplacer supprim√© , finit 2000 phrases √©crit 1477 phrases oral . longueurs comparables , √©videmment nombre phrases . 2776 phrases , 2776 phrases √©crites 1252 phrases orales ( aurais d√ª rendre compte serait impossible nombre total phrases treebank final !!! ) , cas , -ce experiences phrases oral √©crit ? -ce preferable phrases longueurs normalis√©s ? Polopopo|0
134|27|6|1|10|0|0|0|0|2|1|1|1|1|0|neutre| Madame Polopopo Polopopo , Bonjour , Suite demande dossier social √©tudiant , trouverez jointe notification d√©finitive . cas d' oubli d' erreur constat√© dossier , possible d' demander r√©vision connectant espace Services Etudiant , rubrique ¬´ Suivi dossier ¬ª . avez possibilit√© joindre documents justificatifs . Enfin , cas difficult√©s financi√®res , possible √©tudiant -boursier - prendre contact service social Polopopo rendant site : https://mesrdv.etudiant.gouv.fr service gestionnaire dossier|0
135|9|5|2|4|0|0|0|2|2|1|1|1|1|0|neutre| Bonjour , Suite probl√®mes li√©s pi√®ces justificatives DSE , jour bourse . enfin re√ßu nouvelle notification conditionnelle . arrive d√©poser Polopopo , permets transf√©rer directement mail . souhaitant bonne journ√©e , Cordialement .|0
136|9|3|2|0|0|1|3|0|0|1|1|1|0|0|col√®re| salut Polopopo n' r√©ponse sms , retente mail ... -ce voyons lundi cours ? jour ? webcam ? n' dispos√©e donner cours , !|0
137|8|8|1|1|0|0|0|6|1|1|1|1|1|0|col√®re| , prenons note r√©ponse . comprenez , pourrons accepter d' plaintes √©tudiants . reproduit , oblig√© passer l' Polopopo r√©gler situation d√©sirons √©videmment . demandons tenir engagements pris . courage , Bonne soir√©e , Polopopo Polopopo|0
138|8|8|0|0|0|0|0|1|2|1|1|0|0|0|col√®re| Polopopo , parler t√©l√©phone qu' cass√© , j' , coup j' √©cris mails oui . Jte jure j' Polopopo s' √©teint bouton marche √âTEINT JAMAIS . cabler mdrrr . l' heure rendez -vous 19 30 mairie t' P√àTE GENOUX .|0
139|9|3|2|1|0|0|0|5|0|1|1|1|1|0|col√®re| Bonsoir Polopopo , vraiment rattrapage cours M2 . aviez possibilit√© envoyer autant travaux vouliez prenais meilleurs notes . accepter travaux part chose . Polopopo Polopopo|0
140|29|13|3|5|0|0|0|4|5|1|1|1|1|0|col√®re|" √©tudiants plaints points Polopopo ( Anglais ) mis pr√©parer programme . remercie d' focalis√© long l' ann√©e points n√©gatifs programme l' minimis√© ( parler √©tudiants s' plaisent ( minorit√© ) , minimisant √©valuation qu' positivement , vouloir parler l' instant c' parcours poste Polopopo Polopopo termes effectifs pr√©sente r√©els d√©bouch√©s , , insister convention stage semaine Polopopo n' vraiment stage , facultatif ) . sens √©vident √©tudiants r√©agir programme s' trouvera affect√© . m' occuperai programme Polopopo Polopopo travailler conditions plaintes critiques vis ans . "" Polopopo "" poser grands probl√®mes ..."|0
141|9|4|2|2|0|1|0|2|5|1|1|1|1|0|col√®re| Polopopo , vraiment beau salaud ! quitter mail !!! n' as honte !?! laisses chien , sais allergique croquettes !!! revoir connard Polopopo ( ex br√ªl√© chemises pelouse )|0
142|7|6|3|1|0|1|0|0|3|1|1|1|1|0|col√®re| demande imm√©diatement remboursement ! short j' command√© convient pire s' agit d' slip XXL . trouve honteux tromper client marchandise sorte , jamais commanderai site .|0
143|147|50|22|40|0|0|1|11|11|1|1|1|1|0|col√®re|" Monsieur , Suite plainte aupr√®s Direction D√©partement Sciences langage l' √©valuation j' faite d√©ficiente l' examination cours Phonologie 3 - Second semestre Licence 3 SdL , r√©agis dernier mail m' avez envoy√© , dat√© 13 juin 2018 ( date nettement post√©rieure date limite m' impartie l' Administration l' Universit√© Polopopo 10 - Polopopo restitution r√©sultats acquis titre contr√¥le continu ) . mail mail , avez joint volet manquant important travaux validation cours Phonologie 3 - Licence Polopopo 3 titre contr√¥le continu ; travaux r√©clam√©s mails 16 mai , 21 mai 23 mai 2018 . rappelle propos contrat verbal avions l' extr√™me fin second semestre validation enseignement , contrat avez accept√© mail 10 mai 2018 ( voir bas ) : n' ayez jamais assist√© s√©ances cours ( √©tiez inscrit , semble , titre proc√©dure administrative contr√¥le d√©rogatoire ) , rendu d√©lais impartis √©tudiants travaux validation cours titre proc√©dure administrative contr√¥le continu , j' l' amabilit√© , rappelle , d' acc√©der demande d' √©valu√© titre contr√¥le continu . J' mis entendu condition sine qua rendiez , d√©lais impartis administrativement validation r√©sultats , travaux j' demand√©s candidats ( 3 travaux ) , obligatoirement dernier ( 1 ) n' l' objet d' correction cours , contrairement , ( 2 ) , dernier , visait sanctionner l' ensemble acquis cours . vois mal qu' puisse conciliant l' relativement cas verser irr√©m√©diablement forme d' iniquit√© vis-√†-vis √©tudiants . Bref , confirme , date limite restitution r√©sultats contr√¥le continu √©tiez jargon Polopopo 10 nomme d√©ficient l' examen ( dit , restitution dernier travail m' faite qu' 13 juin , attestiez vous-m√™me 22 mai m' rendu 3√®me travail ) ; connaissance , n' avez l' √©preuve contr√¥le d√©rogatoire , √™tes d√©ficient ; connaissance , n' avez l' √©preuve seconde session - d√©ficience . saurais conseiller tourner jury dipl√¥me vue qu' d√©termine mesure prendre consid√©ration difficult√©s personnelles ( proviso "" blocus "" l' Universit√© n' motif plausible : chemin e-mail connu 10 mai , date mail ) . m' interroge ailleurs point mail tardif 13 juin para√Æt s√©v√®rement probl√©matique j' besoin , avez r√©clamation , d' explication ; cite : "" [ ... ] j' d√ª faire rapidement devoir m' aviez demand√© , l' envoy√© jours tard . [ ... ] -ce l' avez re√ßu ? "" , l' re√ßu mail 13 juin , demande cons√©quence renvoyer mail attestez , preuves date l' adresse l' envoi . derni√®re remarque : correction dernier travail ( n' tenu faire qu' radicalement d√©lais ) laisse appara√Ætre faiblesses conceptuelles techniques connaissances mati√®res phonologiques ; souhaitez savoir , voyez Direction D√©partement Sciences langage transmets copie correction . Veuillez agr√©er , Monsieur , l' expression sentiments distingu√©s ."|0
144|16|7|2|5|0|0|1|3|1|1|1|1|1|0|col√®re| !!!?? ? Sortir poubelle jour gardien serpilli√®re , d√©j√† , bonne id√©e . Sortir poubelle perc√©e jour parties communes nettoy√©es , clairement bonne id√©e . Sortir poubelles perc√©es , salir parties communes viennent nettoy√©s faire vendredi , week-end signifie gardien verra lundi . laisser , gros manque savoir vivre .|0
145|13|12|8|4|0|0|0|4|4|1|1|1|1|0|col√®re| Bonjour , j aime animaux ( oreilles pointues ) d√©cid√© venir presque jours faire besoins plantes notamment arbres n forme ... r√©cup√©r√© taillant drastiquement branches recommence , d√©cline ‚Ä¶ gonfle peu.. crois qu excr√©ments renforce terre r√©guli√®rement rend acide tue progressivement plantes ‚Ä¶ doute solution n peut-√™tre √©vidente possible r√©fl√©chir ..|0
146|11|8|2|3|0|1|0|2|4|1|1|1|1|0|col√®re| crois faire nuits blanches terminer J' presque fini DM maths ( j' pris heure faire 5 premiers exo m' reste j' mal m' √©nerve ! ) crois demander prof latin faire th√®me classe poura jamais faire fatigu√© , profs abusent|0
147|22|15|2|6|0|1|0|6|1|1|1|1|1|0|col√®re| Polopopo . .. ( permets appeler m' appelez Polopopo ) liste √©tudiants m' avez demand√©e ... suffira d' ajouter Polopopo derriere num√©ro √©tudiant d' obtenir adresse mail . d' part , rappelle examens , modalit√©s g√©r√©s madame Polopopo Polopopo bureau Polopopo . concerne , j' aimerais derni√®re permettiez m' invectiver couloirs , disant pr√©d√©cesseur faisait mieux travail , n' arrivais pourriez faire place ... coll√®gue ! trouve d√©plac√© hautain part venir taper petit nouveau participe l' organisation examens l' universit√© Polopopo Polopopo ... Polopopo ( pr√©nom ) Polopopo ( nom )|0
148|6|4|1|0|0|0|0|2|0|1|1|1|0|0|col√®re| Madame , crois sommes , viendrais r√©union , n' arrive supporter bruits bouches Polopopo lorsqu' mange machine caf√© . - Polopopo|0
149|64|32|9|16|0|1|4|11|10|1|1|1|1|0|col√®re| Polopopo , Polopopo , excuse avance d√©ranger mail sembl√© important signaler √©change bref houleux lieu midi Madame heure . passais r√©cup√©rer corpus envoy√©s repro Texte Discours salle professeurs , derni√®re souhait√© rende comptes choix documents soumis analyse cours , documents ouverts , lus comment√©s publiquement veille endroit absence . agissait lettre ouverte ( lettre refus Polopopo Polopopo invitation Polopopo Polopopo cl√¥ture grand d√©bat ) , politique ( extrait Polopopo Polopopo Th√©orie Polopopo Polopopo ) s√©quence interaction ( extrait transcription Polopopo tir√© corpus th√®se ) . prise d√©pourvu simplement pr√©cis√© allais faire textes ( notamment √©tudier argumentative discours rapport√© discours politiques fonction r√©cits √©crits oraux spontan√©s ) . visiblement convaincu menac√© avertir ¬´ pr√©sident ¬ª ( d√©partement ? Polopopo ? ) faisais propagande cours . savais r√©pondre surprise montrait sourde premi√®res explications , r√©p√©tant voyait c' pareil linguistes marre , etc. , simplement quitt√© salle corpus bras . √©videmment capable justifier ensemble s√©lection corpus analyse cours . Avez -vous d√©j√† confront√©es type situation ? Pensez -vous pourrait mettre menace ex√©cution ? ( para√Ætrait ridicule rends compte d√©termination ! ) . courage rentr√©e bient√¥t esp√®re ,|0
150|26|10|2|4|0|2|4|4|0|1|1|1|1|0|col√®re| Bonjour , Allez , semaine parler propret√© , longtemps üò¨‚Ä¶. poubelles jaunes b√¢timent C , trouve bouteilles bi√®re d√©chets sac faire . Peut-√™tre bu bi√®res devenus daltoniens ?!? parle entr√©e ? traces rouges sol jusqu‚Äô ascenseur . sangü©∏ ? Aurait -on vampire bat C ? nettoie vampire ? gardien grouillot r√©sidents fussent -ils vampires üßõ‚Äç‚ôÇÔ∏è ! sais concern√©s liste Polopopo , oui , serait part rectifier tir ! Bonne soir√©e|0
151|9|4|3|1|0|1|0|1|1|1|1|1|1|0|tristesse| Bonjour , Malheureusement , pourrais assister spectacle fin d' ann√©e scolaire raison d' entorse ... chagrine d' autant l' √©quipe s' √©norm√©ment investie projet ... envoie soutien ! ann√©e , Cordialement .|0
152|8|4|1|0|0|0|0|1|4|1|1|1|0|0|tristesse| Polopopo Polopopo , d√©sol√©e pourrais r√©p√©tition mercredi . vraiment surcharg√©e cours j' peine regard√© grilles . √©crire message groupe whatsapps pr√©venir .|0
153|35|9|4|12|0|0|0|3|3|1|1|1|1|0|tristesse| coll√®gues , J' grande tristesse annoncer d√©c√®s Polopopo Polopopo . √âlu ma√Ætre conf√©rences 1972 Polopopo Nouvelle , devenu professeur universit√©s 1978 . enseign√© litt√©rature anglaise moderne contemporaine jusqu' retraite 2000 √©galement pr√©sident jury l' agr√©gation d' anglais 1987 1991 . Sp√©cialiste internationalement reconnu po√©sie britannique , Polopopo Polopopo , Polopopo Polopopo po√®tes anglais XXe si√®cle , publi√© articles ouvrages domaine . notamment pr√©fac√© co-dirig√© Anthologie bilingue po√©sie anglaise r√©f√©rence , Biblioth√®que Polopopo . passion transmission p√©dagogie marqu√© g√©n√©rations d' √©tudiants coll√®gues . nom communaut√© Polopopo Nouvelle , j' adresse sinc√®res condol√©ances famille proches . cordialement|0
154|23|11|2|7|0|0|0|5|8|1|1|1|1|0|tristesse| Polopopo , Polopopo , [ pardon coquille message pr√©c√©dent : faut s√ªr lire ¬´ Directrices ¬ª ] assure , , tenir inform√©es rapidement possible ‚Ä¶ aurai doute avance hi√©rarchique . d√©cision d√©chirement ( 1 ) puis laisser seul conjoint probl√®mes graves sant√© r√©cemment AVC priv√© vue , ( 2 ) supporte infliger valse-h√©sitation D√©partement , sait difficult√©s agit cas remplacement pied-lev√© . mieux trancher , esp√®re Comit√© M√©dical ira sens . , K.|0
155|41|21|10|6|0|0|0|6|8|1|1|1|1|0|tristesse| Bonjour monsieur , sais avez cr√©neaux pouvoir r√©pondre questions malheureusement j' cours 9 30 16 30 lundi mercredi entreprise jeudi vendredi . lance bouteille mer attendant cours mercredi . rapide , j' probl√®mes ventilateurs s' activent mani√®re bruyante milieu cours j' voulu r√©gler hier soir Polopopo boot . Effectivement , j' erreur referai peut-√™tre tard , d' entrer commande comprendre 100 % . j' modifi√© fichier root recovery mod grub j' pu effacer modifications . commande question : `sudo systemctl restart display-manager` , probl√®me c' qu' revenant z√©ro , Polopopo boot . J' d√©sinstall√© drivers j' essaye d' r√©installer ancien , probablement compatible Polopopo . voulais exposer situation cours , m' active demain apr√®s-demain essayer r√©gler probl√®me c√¥t√© . n' arrive n' avez solution m' apporter , referai installation Polopopo . cas remercie d' avance , souhaite bonne journ√©e , Cordialement ,|0
156|28|7|2|16|0|0|0|5|2|1|1|1|1|0|tristesse| coll√®gues , grande tristesse annoncer d√©c√®s Polopopo Polopopo , survenu 8 ao√ªt dernier . Polopopo Polopopo pr√©sid√© conseil gestion Institut Hautes √âtudes Polopopo Latine 2000 2023 . Grand connaisseur Polopopo latine , attachement Polopopo , Polopopo Polopopo . long carri√®re , travaill√© renforcement relations entreprises fran√ßaises latino-am√©ricaines . conf√©rencier reconnu . Polopopo Polopopo grandement contribu√© faire universit√© acteur incontournable coop√©ration universitaire Polopopo l' Polopopo latine . directeurs directrices Polopopo pu compter pr√©sence active bienveillante vision strat√©gique . nom communaut√© Polopopo Nouvelle , j' adresse sinc√®res condol√©ances famille proches . cordialement ,|0
157|28|15|5|4|0|0|1|13|2|1|1|1|1|0|tristesse| Bonjour Madame , J' esp√®re allez . J' aurais besoin aide question concerne directement alternance , s√©jour Polopopo . viens d' apprendre pr√©fecture lyonnaise r√©put√©e l' lentes Polopopo . titre s√©jour expire aujourd'hui , malheureusement , n' re√ßu r√©ponse part relances . discutant amis situation Polopopo , m' recommand√© solliciter l' aide universit√© relancer demande renouvellement titre s√©jour , aid√©s obtenir r√©ponse rapidement . Serait -il possible l' Universit√© Polopopo Polopopo puisse m' apporter soutien d√©marche ? avoue d√©sempar√©e situation sais tourner . remercie d' avance attention aide . Cordialement ,|0
158|26|11|3|4|0|0|0|3|5|1|1|1|1|0|tristesse| Bonjour , Hier apr√®s-midi , rendant l' Universit√© ( voulais notamment assister r√©p√©tition pr√©sentation l' Polopopo ) j' chute escaliers m√©tro . J' ressenti forte douleur poignet droit . passant , rendu matin bonne heure urgences l' h√¥pital Polopopo , l'on m' radio , constat√© fracture pos√© pl√¢tre . arr√™t√© jusqu' 15 f√©vrier . transmets vite formulaire d' accident travail Madame Polopopo , mets copie message . J' informe √©tudiants indisponibilit√© . D√©sol√© incident , ,|0
159|13|7|2|2|0|0|1|0|3|1|1|1|1|0|tristesse| Bonjour , J' utilis√© machine kumo caf√©t√©ria crous sorbonne nouvelle , bento poulet not√©s disponibles l' √©cran j' command√© . n' machine . J' d√©bit√©e 6euros re√ßu ... proc√©dure dois -je suivre rembours√©e ? malheureusement ignorer paiement situation d' √©tudiante .|0
160|1|2|0|0|0|0|0|0|0|1|1|0|0|0|tristesse| Polopopo , d√©place , piscine ferm√©e : (|0
161|27|24|9|7|0|0|0|9|4|1|1|1|1|0|tristesse|" Bonjour , l' actuel situation , j' uniquement Polopopo d' install√© machine , grub lance . sais Polopopo lance j' logo Polopopo s' affiche rester bloqu√© ind√©finiment √©cran noir . J' r√©ussi forcer l' ouverture grub Polopopo lance appuyant shift "" options avanc√©es Polopopo "" > "" Recovery mod "" > "" root "" j' acc√®s terminal racine . J' ensuite pu enlever modifications j' effectu√© fichiers probablement cause , red√©marrant pc faisait black screen . J' conclu c' Polopopo posait probl√®me j' essay√© supprimer drivers . J' commandes "" nvidia-smi "" savoir j' drivers install√©s "" sudo apt-get remove --purge ' ^nvidia -. *' "" s√ªre n' oublier . , commande "" nvidia-smi "" indiqu√© n' drivers install√©s sais c' r√©ellement actif . j' aujourd'hui , essayer d' installer nouveau driver nvidia peut-√™tre compatible g√©rer ventilateurs . sais avez id√©e aurait pu causer d√©g√¢ts , remercie aide , Cordialement ,"|0
162|27|14|5|6|0|0|0|4|3|1|1|1|1|0|tristesse| Bonsoir , d' , r√©ponse . √©galement informations , renseignerai s√ªrement semaine week end prochain appelant . J' effectivement perdu convocation r√©sultats , sais num√©ro candidat n√©cessaire consultation copie . ailleurs partie √©l√®ves double d√©ception , oral √©crit ( j' jury d010 l' oral ) , c' injuste dis circonstances j' accepte note . , discutais Polopopo l' heure disait n' , con√ßois . ann√©e terminale d√©bute , j' avoue choisie fili√®re serais sentie l' aise . TS5 . Bonne fin soir√©e .|0
163|5|3|1|0|0|0|0|0|1|1|1|1|0|0|tristesse| Bonjour , sais savez , cur√© d√©c√©d√© hier . fun√©railles lieu lundi 14 heures .|0
164|12|5|4|2|0|1|0|3|3|1|1|1|1|0|tristesse| Polopopo , demand√© Monsieur Polopopo malheureusement pr√©f√®rent commence 16 septembre .. vraiment d√©sol√©e confusion . reste : - date naissance : 13/04/2002 - priori serait 7 900 ‚Ç¨ ( page 5 ) - 1 an , 16/09 / 24 15/09 / 25 - confirme ! souhaite bonne fin semaine , cordialement ,|0
165|11|9|3|0|0|0|1|1|0|1|1|1|0|0|tristesse| √©cris comprendre options n' arrive commencer stage d' juin . savez , n' re√ßu titre s√©jour efforts trouve coinc√©e . , voudrais savoir options cas n' arrive faire stage semestre . -ce avez conseils ?|0
166|2|3|0|1|0|1|0|1|1|1|1|0|1|0|joie| G√©nial photos , , montrer Polopopo Polopopo ! Oui montrerai viendrai Polopopo : ) Polopopo , profitez lot|0
167|8|7|1|0|0|1|0|2|3|1|1|1|0|0|joie| s' super ! √©voqu√© soucis niveau l' absence documentation proc√©dures d' habilitation d' probl√®mes j' pu relev√©s . donnerai nouvelles reviens . AS FI√àRE|0
168|30|14|5|7|0|0|0|9|4|1|1|1|1|0|joie| Bonjour f√©liciter efforts fournis derni√®res semaines , contexte compliqu√© . impression aurons r√©ussi contexte appreniez mal choses morphologie partie concerne , certitude notes moyenne √©lev√©es ann√©e normale , notamment notes moyenne , doute li√© avez pr√©par√© th√®mes abord√©s . bref , aurons r√©ussi ensemble faire progresser questions dossier montr√© simples base . laisser reposer yeux , mal soufferts p√©riode , souhaite bonne continuation Polopopo ailleurs . notes communiqu√©es journ√©e Polopopo oral , possible dossiers . √©l√©ments correction dossier fournis . Portez - , proches .|0
169|2|0|0|1|0|1|0|1|0|1|0|0|1|0|joie| madame ! Bonne journ√©e ,|0
170|4|1|0|1|0|1|0|2|0|1|1|0|1|0|joie| Bonjour ! , reconnaissante r√©ponse lettre 11 /04 / 22 . h√¢te revoir j' esp√®re qu' id√©es proposer . , Polopopo|0
171|0|0|1|1|0|1|0|1|0|0|0|1|1|0|joie| Bonjour , Oui , s√ªr ! cordialement , Polopopo Polopopo|0
172|17|2|2|8|0|4|0|7|3|1|1|1|1|0|joie| mercis Polopopo ! photos prolongation vraiment plaisir ! Gros boulot tri r√©sultat , revoir moments joyeux , visages famille amis , tri attentif oubli√© s√ªre : - ) top ! photo pr√©paration Polopopo incroyable , boulot ! vrai d√©m√©nagement . voit jamais cuisine , bizarre bizarre|0
173|9|5|7|4|0|0|0|4|1|1|1|1|1|0|joie| Polopopo , voulais n' jamais contente voir hier lors sortie hebdomadaire ikea , devrais voir Polopopo belles lampes , bel abat jour restera imb√©cile mari , n' lumi√®re √©tages -l√† , vois vraiment trouves .|0
174|3|5|1|1|0|0|0|3|1|1|1|1|1|0|joie| Salut poule , J' esp√®re . J' supers nouvelles !!! Rappelle , faut absolument qu' croise raconte . bisous . Polopopo|0
175|15|7|4|2|0|1|0|5|0|1|1|1|1|0|joie| Bonjour Polopopo , √©videmment motiv√©e travailler ! Visiter locaux rencontrer √©quipe plu serai absolument ravie travailler . r√©ponse rapport rythme pr√©visionnel alternance , envoie jointe √©galement brochure demand√© partager . suite , donne d√©j√† mail responsable alternance Universit√© Polopopo Polopopo , Monsieur Polopopo Polopopo : jppaquet@parisnanterre.fr souhaite week-end ,|0
176|29|23|1|7|0|1|0|12|4|1|1|1|1|0|joie|" Bonjour Polopopo , heureux projet ait accept√© , directrice aviez choisie . C' bonne nouvelle : devez soulag√©e impatiente commencer . d√©finition corpus √©tape importante , saurez d√©fendre id√©es profiter suggestions coll√®gue . veuillez d' envoy√© projet d' re√ßu r√©ponse . J' tard√© r√©pondre r√©sultat esp√©riez , avez . vois avez lucidit√© d' apporter am√©liorations sugg√©rais remarques formelles j' indiqu√©es fin serviront . n' travaill√© , rassurez -vous . corrections avez apport√©es semblent aller sens . C' travaillerez long m√©moire , c' augure . rencontre Polopopo Polopopo moment m' √©criviez rel√®ve Polopopo appelait "" p√©trifiantes co√Øncidences "" : sommes surr√©alisme ! courage finir semestre l' esprit l√©ger arrivera ."|0
177|5|3|0|2|0|1|0|4|0|1|1|0|1|0|joie| Bonsoir Polopopo , Polopopo m' dit lire kh√¥lle sc√©nario t' int√©resserait serais ravie d' retour convient ! Passe bonne soir√©e : ) Polopopo|0
178|20|6|4|3|0|0|0|7|1|1|1|1|1|0|joie| amis , J' joie annoncer parution r√©cente roman Polopopo . savoir , rendez -vous site maison √©dition ( lien ci-dessous ) , pourrez commander ouvrage , reste aupr√®s libraire choix . Polopopo week-end prochain cordialement invit√©s visiter Salon Livre , Polopopo Polopopo . serai dimanche 28 11h 12 30 , j' aurais grand plaisir retrouver . attendant nouvelles , retourne occupations retrait√© . amicalement ,|0
179|9|3|0|2|0|1|0|2|1|1|1|0|1|0|joie| Polopopo Polopopo , reviens suite r√©union bonnes nouvelles . client ravi diner sign√© contract matin ! Passe week-end voit lundi f√™ter . Polopopo Polopopo|0
180|11|4|3|2|0|2|0|4|2|1|1|1|1|0|joie| Polopopo , remercie infiniment message ! n' hasard : s' investit choses vie , r√©colte proportion : ) serai heureuse d' nouvelles suite . n' h√©sitez m' informer l' √©volution √©tudes carri√®re . Excellente continuation !|0
181|2|0|0|1|0|1|0|2|0|1|0|0|1|0|surprise_pos| D' accord , ! Bonne journ√©e ,|0
182|7|6|1|1|1|0|0|3|0|1|1|1|1|1|surprise_pos| Polopopo , dois avouer derni√®res prises positions m' agr√©ablement surprise reveniez propos , f√©licite . puis dit Polopopo , y' c*ns changent d' avis . Allez bise , Polopopo|0
183|7|2|0|4|0|2|2|3|2|1|1|0|1|0|surprise_pos| Salut Polopopo ! Ravie rencontrer : ) contente lancer aventure ! probl√®me appel vid√©o , d√©range pr√©f√®re matin ? Samedi dimanche ? bonne journ√©e , Polopopo|0
184|7|3|1|0|0|0|3|1|0|1|1|1|0|0|surprise_pos| Bonjour Polopopo , -tu ? ? Quesque deviens ? candidature , √©quipe complet . d√©sistement , garde CV , sait jamais . plaisir voir coin .|0
185|6|3|0|2|0|2|0|6|0|1|1|0|1|0|surprise_pos| Bonjour , dois m' attendais ! cas f√©licitations heureux √©v√®nement ! souhaite meilleur futur . Bonne continuation , Cordialement .|0
186|5|4|2|5|0|0|0|4|0|1|1|1|1|0|surprise_pos| oui , m' attendais trouve rend vachement , j' imaginais r√©sum√© rapide as vraiment roman . , vrai prochaine chaud faire place , bel historique parties|0
187|11|1|2|0|0|0|0|3|0|1|1|1|0|0|surprise_pos| Bonjour , C' joie j' accepte proposition stage . respectivement mail scolarit√© nom mail charge service stages : bassir.hamid@inalco.fr Polopopo Polopopo , conventions.stages@inalco.fr cordialement , Polopopo CLAVIER|0
188|20|7|2|1|0|0|1|4|0|1|1|1|1|0|surprise_pos| Bonjour , suite √©changes avez eus √©quipes Polopopo , avons plaisir confirmer proposition r√©aliser stage sein Groupe . trouverez courrier officialisant proposition . laisse soin revenir , copie innovation-lab@groupeastek.fr , informer intentions . cas d' acceptation , pouvez -vous transmettre mail scolarit√© sue nom service stages ? esp√©rant compter prochainement . cordialement , Polopopo Polopopo Campus|0
189|9|2|1|4|0|4|0|4|1|1|1|1|1|0|surprise_pos| Polopopo , c' sacr√©e nouvelle ! ! F√©licitations , c' super chouette : ) cours jonglerie , pense m' inscrire garde l' info coin t√™te ; ) , voir venir spectacle adulte ! Bonne fin semaine !|0
190|7|2|1|1|0|0|0|3|2|1|1|1|1|0|surprise_pos| Bonjour Madame , agr√©ablement surprise r√©ponse . dossier d√©sastreux , pensais rejetteriez demande . aide patience . , Polopopo Polopopo|0
191|0|3|0|2|0|2|0|1|0|0|1|0|1|0|surprise_pos| Incroyable !!! VOIS ! savais t' allais l' , contente !|0
192|5|3|2|0|0|2|0|0|0|1|1|1|0|0|surprise_pos| Coucou viens recevoir r√©ponse prof finalement confirme tp mercredi 10 15 12h15 ! coup commence 13 30 demain ! üòä|0
193|33|17|2|10|0|4|3|12|4|1|1|1|1|0|surprise_pos|" Bonjour Polopopo : ) ) ! J' esp√®re . dernier temps , d√©plac√© Polopopo j' travaill√© chouette petit studio Polopopo . actuellement recherche chose : ) ) ! Amie: Polopopo conseille contacter Polopopo Polopopo assistant r√©alisateur Polopopo film repasser flambeau . "" fr eric-serre@orange "" Polopopo > soci√©t√© s' appelle "" F√©es Sp√©ciales "" t' rappelles . p√©riode stage demand√©e correspond creux l' manques ... L' Polopopo dispense enseignement 2D/3D qualit√© int√©resser F√©es Sp√©ciales . possibilit√© , √©crire Polopopo Polopopo productrice ex√©cutive dernier film j' travaill√© .( th√®me circonstance sombre p√©riode ) "" mombo.nadine "" < mombo.nadine@gmail.com > mieux s√ªr qu' fasses messages . h√©siter mentionner nom . connaissent . Polopopo m' envoyer portefolio discutions veut . As t' portfolio qu' pourrait d√©j√† montrer ? logiciels qu' ma√Ætrise ? ? ; ) ) ! ! plaisir d' nouvelles , dispersons ... Salutation Amicale . Polopopo Polopopo ."|0
194|1|1|0|2|0|0|0|2|0|1|1|0|1|0|surprise_pos| Bonjour , Oui , voulez . sp√©cialiste , c' domaine int√©ressant . Cordialement , Polopopo Polopopo|0
195|2|2|1|2|0|1|0|2|0|1|1|1|1|0|surprise_pos| g√©nial , pensais pourrions revenir t√¥t , l' information . Bonne semaine !|0
196|5|1|1|1|0|0|0|2|1|1|1|1|1|0|surprise_neg| transf√®re mail Mr Polopopo priori merde fac ‚Ä¶ Bonne chance üòâ|0
197|12|7|5|2|0|0|0|3|3|1|1|1|1|0|surprise_neg| Bonjour , n' avons temps envoyer message hier , sommes rendus compte artisan d√©pos√© ancien meuble salle bains preau . devait partir tard matin , c' d√©j√† parti . Veuillez excuser quelqu' s' charg√© place . sommes d√©sol√©s , n' but ... belle journ√©e . Polopopo Polopopo|0
198|7|7|1|1|0|0|0|4|2|1|1|1|1|0|surprise_neg| Bonsoir Polopopo , n' re√ßu nouvelles jours , permets d' envoyer mail . commence m' inqui√©ter retour part . J' esp√®re passe pr√©vu . souhaite bonne fin journ√©e , Cordialement ,|0
199|10|6|0|1|0|0|1|2|1|1|1|0|1|0|surprise_neg| Bonjour Polopopo √©tudiants Polopopo Polopopo √©crivent obtenir r√©ponses propos Polopopo Polopopo inquiets r√©pondez Polopopo Polopopo terminent dimanche sommes vendredi soir . J' essay√© appeler succ√®s . -ce Polopopo Polopopo pourront prolong√©es dimanche ? avance cedric|0
200|25|10|3|4|0|0|0|5|2|1|1|1|1|0|surprise_neg| Bonjour Madame Polopopo , √©cris suite mise jour notes scolarit√© , indiquent moyenne 9,7 semestre . retard correction notes , j' d√ª envoyer 30 e-mails signaler notes manquantes finalement corrig√©es . sollicite aujourd'hui bienveillance valider uniquement semestre , permettrait poursuivre cursus stage valider ann√©e devoir revenir l' ann√©e prochaine . comprends exigences acad√©miques reste disposition discuter situation n√©cessaire . remercie compr√©hension l' attention port√©e demande . Cordialement ,|0
201|8|9|0|0|0|0|3|1|3|1|1|0|0|0|surprise_neg| Bonjour , donne suite mail viens envoyer . viens recevoir courriel m' indiquant candidature refus√©e . courriel dois -je croire ? S' agit -il d' erreur ? -je formation j' refus√©e ? comprends situation . ,|0
202|11|7|1|2|0|0|0|4|0|1|1|1|1|0|surprise_neg| Bonjour , trouverez jointe version corrig√©e convention regard r√©ponse , attestation Responsabilit√© Civile . viens relancer employeur , s√ªre qu' acceptera signer l' Universit√© ... c' cas , sais d√©bloquer situation . remercie aide , cordialement ,|0
203|4|3|1|0|0|0|0|0|0|1|1|1|0|0|surprise_neg| J' avoue comprendre utilis√© mail r√©ponse demande . n' averti proc√©dure suivre .|0
204|7|3|0|0|0|0|1|2|1|1|1|0|0|0|surprise_neg| Bonjour , accord , soutenance d√©cembre ... Rappelez -oi structure accueil ? pourra faire soutenir mars perdiez temps . , Polopopo Polopopo|0
205|8|5|3|2|0|0|0|1|2|1|1|1|1|0|surprise_neg| Bonjour M. Polopopo , √©trange , images aviez envoy√©es apparaissent Polopopo propre mail , n' remarqu√© moment l' envoi . Toutefois , , fiche pdf figure Polopopo . doute , renvoie . cordialement ,|0
206|7|5|0|1|0|0|0|0|2|1|1|0|1|0|surprise_neg| Bonjour , d√©contenanc√©e situation ... m, ' pr√©venue changement programme planning , pr√©sente jours horaires indiqu√©s . pr√©venir arrive l' avenir . Cordialement .|0
207|10|9|1|3|0|0|0|1|2|1|1|1|1|0|surprise_neg| Monsieur Polopopo , dois mettre confidence crois c' ray√© voiture mariage Polopopo . Comprenez -moi j' bu j' mauvais gout couleurs voiture verte , senti oblig√© d' apos√© dessin . J' loin douter c' voiture , d√©sol√© mauvais go√ªt . - Polopopo|0
208|3|2|4|3|0|0|0|4|2|1|1|1|1|0|surprise_neg| ptdrrr rends compte j' vraiment quasiment √©crit d√©sol√©e : ( ( cours c' √©norme biblio c' super dur rep√©rer , enfin ..|0
209|14|10|3|0|1|0|0|2|1|1|1|1|0|1|surprise_neg| Bonjour , gestionnaire stages l' Polopopo , permets contacter , constat√© souci dates pr√©vues stage l' √©tudiante Polopopo Polopopo . indiqu√© stage d√©roulera jusqu' 5 f√©vrier 2025 , or pouvons √©tablir convention au-del√† 31/12/2024 , stage fin d' √©tudes Polopopo 2 . d√©sol√© l' rep√©r√© t√¥t , j' esp√®re pourrons trouver solution satisfaire parties . cordialement , Polopopo Polopopo|0
210|11|7|2|2|0|0|0|0|3|1|1|1|1|0|surprise_neg| Coucou , n' message pardon . choqu√©e dame , sais c' . renseignerai . porte voisins c' normal . d√©m√©nag√© HLM remplacent porte porte inaccessible . remettront lors remise cl√©s locataires , t' inqui√®tes .|0
