NOUN,VERB,ADV,ADJ,CCONJ,EX_M,Q_M,POS,NEG,BOOL_NOUN,BOOL_VERB,BOOL_ADV,BOOL_ADJ,BOOL_CCONJ,LABEL,TEXT
15,7,1,5,2,0,0,6,0,1,1,1,1,1,neutre,"Ch√®res et chers coll√®gues,  Le cours de Langue des signes fran√ßaise (LSF) du DU Linguistique clinique est ouvert aux coll√®gues de Modyco. Il s'agit d'un cours d'introduction permettant d'acqu√©rir les bases de la LSF.  Ce cours, donn√© par Laezel aura lieu le jeudi 13h30-15h30 en C306 (b√¢timent Zazzo) et commencera demain.  Merci de m'en informer si vous souhaitez participer.  Bonne journ√©e √† tous,"
7,4,3,1,2,0,0,2,1,1,1,1,1,1,neutre,"Bonsoir, ce cours de LSF est √©galement accessible aux √©tudiants de TAL, M1 ou M2. A noter que le laboratoire de Modyco a des projets financ√©s concernant la LSF et que certaines taches impliquent du TAL. Nous aurons donc des stages √† proposer d√®s le M1. Bien √† vous"
6,3,0,3,0,1,0,4,0,1,1,0,1,0,neutre,"Bonjour !  J‚Äôaimerais prendre des heures de conduite pour cette semaine. Je suis libre tout les jours. Si c‚Äôest possible j‚Äôaimerais prendre 2 heures.  En attendant votre r√©ponse,"
2,1,0,1,0,0,0,1,0,1,1,0,1,0,neutre,"Bonjour,   Je souhaiterais postuler pour un logement dans la r√©sidence universitaire Laezel  Cordialement,"
13,7,0,2,2,0,1,4,1,1,1,0,1,1,neutre,"Bonjour,  Je rentre en M2 Traitement Automatique des Langues et je suis en train de m'inscrire sur Studea pour mon alternance. L'entreprise qui souhaite m'embaucher a remarqu√© qu'ils avaient fait des erreurs dans la composition du dossier et aimerait pouvoir modifier les informations qu'ils ont rentr√©. Est-ce que c'est possible pour vous de r√©-ouvrir la candidature ?  Je vous remercie d'avance pour votre aide,"
16,8,7,3,2,1,0,6,0,1,1,1,1,1,joie,"Bonjour Juliette,  Je suis √©videmment toujours motiv√©e pour travailler avec vous ! Visiter les locaux et rencontrer l‚Äô√©quipe m‚Äôa beaucoup plu et je serai absolument ravie de travailler avec vous.  J‚Äôai eu une r√©ponse par rapport au rythme pr√©visionnel de l‚Äôalternance, je te l‚Äôenvoie en pi√®ce jointe avec √©galement une brochure qu‚Äôon m‚Äôa demand√© de vous partager.  Pour la suite, je te donne d√©j√† le mail du responsable alternance √† l‚ÄôUniversit√© Paris Nanterre, Laezel: jppaquet@parisnanterre.fr   Je te souhaite un tr√®s bon week-end,"
1,3,3,1,0,1,0,2,0,1,1,1,1,0,joie,"G√©nial, merci beaucoup ! Voici le document sign√©. Je te dis √† demain alors,  Cordialement,"
2,3,0,3,1,1,0,2,0,1,1,0,1,1,joie,"Laezel  G√©nial ! Je l‚Äôai sign√©, dis-moi si tout est bon ou si tu as besoin d‚Äôautre chose."
45,26,24,8,10,0,0,6,8,1,1,1,1,1,tristesse,"Bonjour monsieur,  Je sais que vous avez des cr√©neaux pour pouvoir r√©pondre aux questions mais malheureusement j'ai cours de 9h30 √† 16h30 du lundi au mercredi et je suis en entreprise le jeudi et le vendredi.  Je vous lance un peu une bouteille √† la mer en attendant votre cours du mercredi.  Pour √™tre rapide, j'ai des probl√®mes avec mes ventilateurs qui s'activent de mani√®re tr√®s bruyante en plein milieu du cours et j'ai voulu r√©gler √ßa hier soir mais maintenant Linux ne boot plus. Effectivement, j'ai fait une erreur que je referai peut-√™tre plus tard, celle d'entrer une commande sans comprendre √† 100% son effet. Et j'avais aussi modifi√© un fichier mais via la root du recovery mod du grub j'ai pu effacer mes modifications.  Voici la commande en question : `sudo systemctl restart display-manager`  Voil√†, le probl√®me c'est qu'en revenant √† z√©ro, Linux ne boot toujours pas. J'ai donc d√©sinstall√© tous mes drivers et j'essaye d'en r√©installer un plus ancien, probablement compatible avec Nvidia donc.  Je voulais vous exposer ma situation avant votre cours, je m'active demain et apr√®s-demain pour essayer de r√©gler le probl√®me de mon c√¥t√©. Si je n'arrive √† rien et que vous n'avez pas de solution √† m'apporter, je referai une installation Linux.  En tout cas je vous remercie d'avance,  Je vous souhaite une tr√®s bonne journ√©e, Cordialement,"
28,33,21,9,8,0,0,9,4,1,1,1,1,1,tristesse,"Bonjour,  En l'√©tat actuel de la situation, j'ai uniquement Linux d'install√© sur ma machine, donc le grub ne se lance pas. Je sais que Linux se lance car j'ai le logo Kubuntu qui s'affiche avant de rester bloqu√© ind√©finiment sur un √©cran noir.  J'ai r√©ussi √† forcer l'ouverture du grub avant que Linux ne se lance en appuyant sur shift et apr√®s ""options avanc√©es pour Kubuntu"" > ""Recovery mod"" > ""root"" j'ai acc√®s au terminal depuis la racine.  J'ai ensuite pu enlever les modifications que j'avais effectu√© sur des fichiers et qui √©taient probablement la cause de tout √ßa, mais en red√©marrant mon pc √ßa faisait encore un black screen.  J'en ai conclu que c'√©tait Nvidia qui posait probl√®me et j'ai essay√© de supprimer les drivers. J'ai fait les commandes ""nvidia-smi"" pour savoir si j'avais des drivers install√©s et ""sudo apt-get remove --purge '^nvidia-.*'"" pour √™tre s√ªre de n'en oublier aucun. Maintenant, en faisant la commande ""nvidia-smi"" il est indiqu√© que je n'ai plus de drivers install√©s mais je ne sais pas si c'est r√©ellement actif.  Voil√† o√π j'en suis pour aujourd'hui, je vais essayer d'installer un nouveau driver nvidia qui sera peut-√™tre plus compatible pour g√©rer mes ventilateurs.  Je ne sais pas si vous avez une id√©e de ce qui aurait pu causer tous ces d√©g√¢ts, Je vous remercie pour votre aide,  Cordialement,"
12,5,5,2,2,1,0,5,3,1,1,1,1,1,tristesse,"Laezel  J‚Äôai demand√© √† MonLaezelmalheureusement ils pr√©f√®rent qu‚Äôon commence le 16 septembre.. je suis vraiment d√©sol√©e pour la confusion.  Pour le reste : - ma date de naissance : 13/04/2002 - √† priori ce serait 7 900‚Ç¨ (page 5 )  - 1 an, du 16/09/24 au 15/09/25 - et je confirme que c‚Äôest bien √ßa !  Je te souhaite une bonne fin de semaine, Bien cordialement,"
9,4,4,2,2,1,3,1,0,1,1,1,1,1,col√®re,"salut Laezelje n'ai pas eu de r√©ponse √† mon sms, je retente par mail... Est-ce que nous nous voyons lundi pour le premier cours ? ou un autre jour ? ou par webcam ? Si tu n'es plus dispos√©e √† donner des cours, merci de me dire !"
8,7,4,1,0,0,0,4,2,1,1,1,1,0,surprise_neg,"Bonsoir Juliette,  Comme je n'ai pas re√ßu de nouvelles depuis plusieurs jours, je me permets d'envoyer un mail. Je commence un peu √† m'inqui√©ter de ne pas avoir de retour de votre part.  J'esp√®re que tout se passe comme pr√©vu.  Je te souhaite une bonne fin de journ√©e, Cordialement,"
9,2,1,1,0,0,0,2,2,1,1,1,1,0,neutre,"Bonjour ,  Je t'accueillerai le lundi 03/06 √† partir de 9h30. A ton arriv√©e, demande √† l'h√¥tesse de me pr√©venir. je te ferai faire les d√©marches n√©cessaire pour avoir ton  badge d'acc√®s. Ton bureau est le 5D02.  Au plaisir de te voir bient√¥t.  Cdt."
29,12,15,4,0,0,0,2,0,1,1,1,1,0,neutre,"Bonsoir,  La r√©union de pr√©-rentr√©e aura lieu le 14 septembre en matin√©e, nous proc√©dons actuellement aux r√©servations de salle avant d'envoyer les invitations officielles. La rentr√©e aura lieu le lundi suivant (voir calendrier d'alternance joint).  Pour la connexion √† l'ENT, il faut utiliser les codes donn√©s lors de votre inscription administrative, si vous ne les avez pas re√ßus il faut contacter la scolarit√© directement, je n'ai pas la main dessus.  Je suis navr√©e aussi pour la bibliographie, les informations n'ont pas d√ª √™tre remont√©es √† temps pour un envoi avant les cong√©s d'√©t√©. Les informations seront dans la brochure qui sera d√©livr√©e √† la r√©union de rentr√©e au plus tard.  Bien cordialement,"
0,0,0,0,0,0,0,0,0,0,0,0,0,0,neutre,
10,8,4,1,2,1,1,5,1,1,1,1,1,1,joie,"Bonjour Valentine, Je voulais te remercier pour ton aide pour le tutorat. Grace √† cette aide et √† mon travail, j'ai r√©ussis √† passer les rattrapages, et je passe en 3√®me ann√©e ! Je ne sais pas si j'y serais parvenu sans √ßa. J'en profite pour te demander : est-ce que tu sais si il y'a un service de tutorat aussi tout au long de l'ann√©e ? Cordialement,"
30,25,13,13,6,1,0,20,4,1,1,1,1,1,joie,"Bonjour Valentine,  Je suis tr√®s heureux pour vous que votre projet ait √©t√© accept√©, avec la directrice que vous aviez choisie. C'est une tr√®s bonne nouvelle : vous devez √™tre soulag√©e et impatiente de commencer. La d√©finition du corpus sera une √©tape importante, mais je suis certain que vous saurez d√©fendre vos id√©es et profiter des suggestions de ma coll√®gue.  Ne vous en veuillez pas d'avoir envoy√© votre projet avant d'avoir re√ßu ma r√©ponse. J'ai tard√© √† vous r√©pondre et puisque le r√©sultat est celui que vous esp√©riez, vous avez bien fait. Je vois que vous avez eu la lucidit√© d'apporter certaines des am√©liorations que je vous sugg√©rais et que les remarques formelles que j'ai indiqu√©es √† la fin vous serviront. Je n'ai pas travaill√© pour rien, rassurez-vous. Les corrections que vous avez apport√©es me semblent aller dans le bon sens. C'est ainsi que vous travaillerez tout au long de votre m√©moire, donc c'est de tr√®s bon augure.  Ma rencontre avec Laezelau moment o√π vous m'√©criviez rel√®ve de ce que Breton apLaezelles ""p√©trifiantes co√Øncidences"" : nous sommes donc bien en plein surr√©alisme !  Bon courage pour finir le semestre l'esprit l√©ger et bon √©t√© quand il arrivera."
21,7,8,6,3,0,0,9,1,1,1,1,1,1,joie,"Chers amis,  J'ai la joie de vous annoncer la parution toute r√©cente de mon roman Darwin. Pour en savoir plus, rendez-vous sur le site de la maison d‚Äô√©dition (lien ci-dessous), o√π vous pourrez aussi commander l‚Äôouvrage, comme du reste aupr√®s de la ou du libraire de votre choix.  Celles et ceux qui seront √† Paris le week-end prochain sont cordialement invit√©s √† visiter le Salon de l‚Äôautre Livre, √† la Halle des Blancs-Manteaux. J‚Äôy serai moi-m√™me le dimanche 28 de 11h √† 12h30, et j'aurais grand plaisir √† vous y retrouver.  En attendant de vos nouvelles, je retourne √† mes diverses occupations de retrait√©.  Bien amicalement,"
8,2,3,3,2,1,0,7,2,1,1,1,1,1,joie,"Bonjour Monsieur, C'est une tr√®s bonne nouvelle, merci √† vous pour votre confiance ! Je suis √©videmment int√©ress√©e par la proposition, et suis impatiente de conna√Ætre les jours et horaires du contrat.  Je vous souhaite une tr√®s bonne soir√©e,"
16,10,8,5,3,1,0,10,2,1,1,1,1,1,joie,"Ch√®re Valentine,  Merci pour cette explication, qui m'a fait bien rire √† mon tour. Je t'entends encore dire : ""c'est lui mais en m√™me temps, ce n'est pas lui."" Tu avais vu juste ! Le pauvre, il a d√ª se sentir bien observ√©...  Passer ce temps en votre compagnie a √©t√© un r√©el plaisir, tout comme vous avoir compt√©s parmi mes √©l√®ves. Je serais ravi d'√™tre de cette soir√©e dont tu parles, en esp√©rant (mais c'est peu probable) qu'elle ait lieu √† un moment o√π je suis dans les parages : √† partir de lundi et jusqu'au 2 juillet, je serai √† Paris pour faire passer les oraux de l'agr√©gation.   Bien √† toi,"
12,7,7,2,1,0,0,5,0,1,1,1,1,1,surprise_neg,"Bonjour,  Vous trouverez en pi√®ce jointe la version corrig√©e de ma convention au regard de votre r√©ponse, ainsi que mon attestation de Responsabilit√© Civile. Je viens de relancer mon employeur, mais je ne suis pas s√ªre qu'il acceptera de signer avant l'Universit√©... Si c'est le cas, je ne sais pas comment d√©bloquer la situation.  Je vous remercie pour votre aide, Bien cordialement,"
9,5,7,2,0,0,0,2,2,1,1,1,1,0,surprise_neg,"Bonjour M. Gendrot,  Il est √©trange en effet, que les images que vous aviez envoy√©es apparaissent en PJ de mon propre mail, je n'avais pas remarqu√© cela au moment de l'envoi. Toutefois, chez moi, la fiche en pdf figure tout de m√™me dans les PJ. Dans le doute, je vous la renvoie.  Bien cordialement,"
3,2,7,4,1,0,0,5,2,1,1,1,1,1,surprise_neg,"ptdrrr je me rends compte que j'ai vraiment quasiment pas √©crit je suis d√©sol√©e :(( son cours c'√©tait surtout une √©norme biblio et c'est super dur de se rep√©rer dedans, enfin bon.."
15,5,2,5,1,0,0,3,3,1,1,1,1,1,neutre,"Bonjour,  Je tenais √† vous informer que mon cabinet va d√©m√©nager √† l‚Äôadresse suivante : 17 rue Laezel75017 au RDC avec quelques marches d'acc√®s.  Ce changement d‚Äôadresse est d√©finitif et sera effectif √† partir du 30/09/2024 .  Veuillez noter le nouveau num√©ro pour joindre le secr√©tariat 01 89 86 93 65 √† partir du 01/10/2024; un biseau sera assur√© avec l'ancien num√©ro encore quelques semaines.  Pour plus d'informations, veuillez consulter mon profil Doctolib.  Cordialement, Dr NathalieLaezel"
4,2,2,1,1,1,0,3,0,1,1,1,1,1,joie,"Bonjour ! Je vous suis tr√®s, tr√®s reconnaissante de votre r√©ponse √† ma lettre de 11/04/22. Je suis en h√¢te de vous revoir et j'esp√®re qu'on aura plusieurs id√©es √† proposer. Bien √† vous,  Solomiia"
27,8,9,4,2,0,0,8,3,1,1,1,1,1,tristesse,"Bonjour Madame,  D√©sol√© pour le d√©lai de r√©ponse, la rentr√©e / retour de vacances est une p√©riode assez charg√©e...  Malheureusement, nous ne pourrons pas vous prendre en alternance √† cette rentr√©e. En effet, nous avons atteint le seuil l√©gal d‚Äôalternants pour une structure de notre taille (limite dont nous ignorions l‚Äôexistence √† l‚Äôorigine). Ainsi, et ce malgr√© votre dossier qui nous semblait tr√®s int√©ressant au vu des projets que nous avons, il nous est impossible actuellement de vous embaucher.  Je m‚Äôexcuse encore une fois du retard de cette r√©ponse, et vous souhaite beaucoup de r√©ussite dans vos recherches d‚Äôalternances.  Bonne journ√©e, Cl√©ment"
7,2,6,4,2,2,2,3,2,1,1,1,1,1,surprise_pos,"Salut Solomiia !   Ravie de vous rencontrer aussi :) et tr√®s contente de me lancer dans cette aventure avec vous !  Pas de probl√®me pour un appel vid√©o, si ce ne vous d√©range pas je pr√©f√®re le matin ? Samedi ou dimanche ?    Tr√®s bonne journ√©e,  Tiphaine"
3,2,4,1,1,0,2,1,0,1,1,1,1,1,neutre,"Bonjour Camille, Comment allez-vous et comment se passe le stage ? Est-il possible de faire un point cette semaine ?  Bien cordialement, Laezel"
28,6,2,10,3,0,0,0,2,1,1,1,1,1,neutre,"Laezel  Bonjour,  Suite √† votre demande de dossier social √©tudiant, vous trouverez en pi√®ce jointe votre notification d√©finitive.  En cas d'oubli ou d'erreur constat√© sur votre dossier, il est possible d'en demander la r√©vision en vous connectant √† votre espace Mes Services Etudiant, rubrique ¬´ Suivi de dossier ¬ª. Vous avez la possibilit√© de joindre des documents et des justificatifs.  Enfin, en cas de difficult√©s financi√®res, il est possible pour tout √©tudiant -boursier ou non- de prendre contact avec le service social de votre Crous en vous rendant sur le site : https://mesrdv.etudiant.gouv.fr  Le service gestionnaire de votre dossier"
13,2,1,1,0,0,0,2,0,1,1,1,1,0,neutre,"Bonjour,  Dans le cadre de votre candidature pour un stage de fin d‚Äô√©tude au sein de l‚Äôinnovation Lab, je souhaite vous rencontrer pour un entretien d‚Äôenviron 1 heure en visio-conf√©rence.  Vous pouvez r√©server un cr√©neau, selon vos disponibilit√©s, sur la page suivante : https://outlook.office365.com/owa/calendar/AstekInnovationLab@groupeastek.fr/bookings/s/E9XIyRdefECn7xyjqm8Nnw2   Cordialement, Laezel"
11,5,2,1,0,0,0,6,0,1,1,1,1,0,neutre,Laezel MLaezel   Je vous prie de bien vouloir trouver ci-joint l‚Äô√©tat des lieux d‚Äôentr√©e du logement situ√© :      13 rue de Provins √† TOURNAN EN BRIE     Pouvez-vous prendre quelques instants afin de laisser votre satisfaction en cliquant sur Avis Google.   Vous en souhaitant bonne r√©ception.   EmmaLaezel
0,0,3,1,0,1,0,3,0,0,0,1,1,0,joie,"Bonjour,  Oui, bien s√ªr !  Bien cordialement,  Laezel"
6,4,3,3,1,1,0,2,1,1,1,1,1,1,joie,"En PJ le plus beau sch√©ma jamais r√©alis√© !  (enfin, par moi)  Les variantes pages 3 et 4 doivent √™tre soumises √† discussion mardi, je les soup√ßonne d‚Äô√™tre fausses.  Bon weekend, Laezel"
22,8,4,2,0,0,1,4,0,1,1,1,1,0,surprise_pos,"Bonjour,  Faisant suite aux diff√©rents √©changes que vous avez eus avec les √©quipes Astek, nous avons le plaisir de vous confirmer notre proposition de r√©aliser votre stage au sein de notre Groupe. Vous trouverez √† cet effet notre courrier officialisant notre proposition.  Je vous laisse le soin de revenir vers moi, copie innovation-lab@groupeastek.fr, pour nous informer de vos intentions.  En cas d'acceptation, pouvez-vous nous transmettre le mail de votre scolarit√© ainsi sue le nom de la personne du service des stages ?  En esp√©rant vous compter parmi nous prochainement.  Tr√®s cordialement, Equipe Innovation Campus"
12,2,4,0,1,0,0,3,0,1,1,1,0,1,surprise_pos,"Bonjour,   C'est avec joie que j'accepte votre proposition de stage. Voici respectivement le mail de ma scolarit√© ainsi que le nom et le mail de la personne en charge du service des stages :  bassir.hamid@inalco.fr Laezel conventions.stages@inalco.fr  Tr√®s cordialement, CamilleLaezel"
2,1,2,2,1,0,0,2,0,1,1,1,1,1,surprise_pos,"Bonjour, Oui, si vous voulez. Je ne suis pas sp√©cialiste du sujet, mais c'est un domaine int√©ressant. Cordialement, Laezel"
14,10,11,1,3,0,0,3,1,1,1,1,1,1,surprise_neg,"Bonjour,  Je suis le gestionnaire des stages de l'Inalco, et je me permets de vous contacter, apr√®s avoir constat√© un souci quant aux dates pr√©vues pour le stage de l'√©tudiante Laezel Il est indiqu√© que le stage se d√©roulera jusqu'au 5 f√©vrier 2025, or nous ne pouvons pas √©tablir de convention au-del√† du 31/12/2024, pour un stage de fin d'√©tudes en Master 2.  Je suis d√©sol√© de ne pas avoir l'avoir rep√©r√© plus t√¥t, et j'esp√®re que nous pourrons trouver une solution √† m√™me de satisfaire toutes les parties.  Bien cordialement,   Tony SANCHLaezel"
7,3,5,1,0,0,1,3,1,1,1,1,1,0,surprise_neg,"Bonjour, D‚Äôaccord, donc pas de soutenance en d√©cembre... Rappelez-oi quelle est la structure d‚Äôaccueil ? On pourra vous faire soutenir en mars pour ne pas que vous perdiez du temps. Bien √† vous, Laezel"
28,18,21,6,5,0,0,7,3,1,1,1,1,1,tristesse,"Bonsoir, tout d'abord, merci de votre r√©ponse. Merci √©galement pour les informations, je me renseignerai s√ªrement cette semaine ou le week end prochain en appelant. J'ai effectivement perdu ma convocation depuis les r√©sultats, je ne sais pas si le num√©ro de candidat est n√©cessaire pour la consultation de sa copie. Je fais par ailleurs partie des √©l√®ves qui ont eu la double d√©ception, oral et √©crit (puisque j'ai eu la jury de la d010 a l'oral), et certes c'est injuste mais je me dis que les circonstances sont ainsi et j'accepte ma note. Cependant, je discutais avec Laezeltout √† l'heure qui me disait que pour elle √ßa n'√©tait toujours pas pass√©, ce que je con√ßois aussi. Mon ann√©e de terminale d√©bute assez bien, m√™me si j'avoue ne pas avoir choisie la fili√®re dans laquelle je me serais le plus sentie √† l'aise. Je suis en TS5.  Bonne fin de soir√©e."
29,16,13,6,4,0,0,6,3,1,1,1,1,1,surprise_neg,"Bonjour madame, J'esp√®re que vous avez pass√© de bonnes vacances. J'ai regard√© ce matin les diff√©rents sites afin de pouvoir consulter ma copie de l'√©preuve √©crite, mais le seul que j'ai trouv√© (le site de la maison des examens) ne propose la photocopie que pour l'acad√©mie de Paris. J'ai donc √©t√© sur le site de l'acad√©mie de Rouen, et je n'ai rien vu √† ce sujet. Je me demandais donc si vous aviez eu des informations √† ce sujet, parce que √ßa me semble un peu √©trange que les r√©sultats soient aussi diverses en fonction des personnes si on compare avec leur moyenne de fran√ßais dans l'ann√©e. (par exemple, Laezelqui avait de tr√®s bonnes notes n'a eu que 12, et je connais quelqu'un qui n'a jamais eu la moyenne en fran√ßais et l√† qui a eu 16...) Merci de votre r√©ponse, bon dimanche."
25,18,18,4,7,0,1,8,2,1,1,1,1,1,surprise_neg,"Ma ch√®re Laezel  J'ai conseill√© √† plusieurs √©l√®ves de la classe de r√©clamer leur copie car les notes ne me paraissent effectivement pas celles que plusieurs d'entre vous pouvaient l√©gitimement esp√©rer. Certains √©l√®ves cumulent m√™me d√©ception √† l'√©crit et √† l'oral, et je trouve cela vraiment tr√®s rude.  Il faut normalement s'adresser au service de la DEC (Division des Examens et Concours) au rectorat, mais je ne sais pas exactement comment - tu peux essayer d'appeler dans un premier temps. Il me semble que quelque chose √† ce sujet est √©crit sur votre convocation, mais j'imagine que tu n'as pas forc√©ment gard√© la tienne.  Tiens-moi au courant si la demande n'aboutit pas, puis quand tu auras r√©ceptionn√© ta copie le cas √©ch√©ant.  J'esp√®re que ton ann√©e de terminale d√©bute bien : dans quelle classe es-tu ?  A bient√¥t,  MariLaezel"
0,0,0,0,0,0,0,0,0,0,0,0,0,0,neutre,oui
9,1,1,1,0,0,1,1,0,1,1,1,1,0,neutre,Bonjour √† tous  Quelqu‚Äôun peut-il me pr√™ter une place de parking pour demain soir vers 19h √† samedi 15h pour ma soeur ?   Bonne journ√©e  Eva - b√¢timent C
11,5,8,3,1,2,0,4,2,1,1,1,1,1,joie,"Ch√®re Patricia,  Je vous remercie infiniment pour votre message ! Il n'y a pas de hasard : quand on s'investit dans les choses de la vie, on r√©colte toujours √† proportion :) Je serai tr√®s heureuse d'avoir de vos nouvelles dans la suite. Alors n'h√©sitez pas √† m'informer de l'√©volution des vos √©tudes et carri√®re.  Excellente continuation !"
5,4,3,0,1,0,0,0,1,1,1,1,0,1,tristesse,"Bonjour, je ne sais pas si vous le savez, mais notre cur√© est d√©c√©d√© hier. Les fun√©railles ont lieu lundi √† 14 heures."
9,6,7,2,1,0,0,6,0,1,1,1,1,1,col√®re,"Bonsoir Myriam, Il n‚Äôy a pas vraiment de rattrapage pour les cours de M2. Vous aviez la possibilit√© de m‚Äôenvoyer autant de travaux que vous vouliez et je prenais les meilleurs notes. Je peux encore accepter des travaux m√™me si pour ma part je suis pass√© √† autre chose. Bien √† vous Laezel"
28,14,13,5,4,2,4,5,0,1,1,1,1,1,col√®re,"Bonjour √† tous, Allez, on est en d√©but de semaine on va parler un peu propret√©, cela fait longtemps qu‚Äôon ne l‚Äôa pas fait üò¨‚Ä¶. Dans les poubelles jaunes du b√¢timent C, on trouve des bouteilles de bi√®re et d‚Äôautres d√©chets en sac qui n‚Äôont rien √† y faire. Peut-√™tre que ceux ou celles qui ont bu les bi√®res sont devenus daltoniens ?!? On parle de l‚Äôentr√©e maintenant ? Des traces rouges sur le sol jusqu‚Äô√† et dans l‚Äôascenseur. Du sangü©∏? Aurait-on un vampire dans le bat C ? Il ne nettoie pas chez lui le vampire ? Notre gardien n‚Äôest pas le grouillot des r√©sidents fussent-ils des vampires üßõ‚Äç‚ôÇÔ∏è ! Je ne sais pas si ceux qui sont concern√©s sont dans cette liste WhatsApp mais, si oui, ce serait bien de leur part de rectifier le tir ! Bonne soir√©e"
16,8,10,5,2,0,1,3,1,1,1,1,1,1,col√®re,"Mais non !!!?? Pourquoi ? Sortir sa poubelle le jour o√π le gardien a pass√© la serpilli√®re, d√©j√†, c‚Äôest pas une bonne id√©e.  Sortir sa poubelle perc√©e le jour o√π les parties communes ont √©t√© nettoy√©es, c‚Äôest clairement pas une bonne id√©e.  Sortir ses poubelles perc√©es, salir les parties communes qui viennent d‚Äô√™tre nettoy√©s ET le faire un vendredi, donc avant le week-end ce qui signifie que le gardien ne le verra pas avant lundi.   Et surtout tout laisser comme cela, c‚Äôest un gros manque de savoir vivre."
15,12,14,5,6,0,0,6,4,1,1,1,1,1,col√®re,"Bonjour, j aime beaucoup les animaux mais certains (√† oreilles pointues) ont d√©cid√© de venir presque tous les jours faire leurs besoins dans mes plantes et notamment l‚Äôun de mes arbres qui n est pas bien en forme... Je l‚Äôavais r√©cup√©r√© cet √©t√© en taillant drastiquement ses branches mais l√† √ßa recommence, il d√©cline‚Ä¶ √áa me gonfle un peu.. je crois qu un peu d‚Äôexcr√©ments renforce la terre mais r√©guli√®rement √ßa la rend acide et √ßa tue progressivement les plantes‚Ä¶ alors je me doute que la solution n est peut-√™tre pas √©vidente mais s‚Äôil est possible d‚Äôy r√©fl√©chir.."
11,6,4,1,4,0,1,3,1,1,1,1,1,1,surprise_neg,Bonjour Marie-Claudette  les √©tudiants de M1 TAL vous √©crivent pour obtenir des r√©ponses √† propos des IP WEbs mais sont tr√®s inquiets parce que vous ne leur r√©pondez pas et que les IP Webs se terminent dimanche et nous sommes vendredi soir.  J'ai essay√© de vous appeler mais sans succ√®s. Est-ce que les IP Webs pourront √™tre prolong√©es au del√† de dimanche ?  merci par avance  cedric
12,8,9,2,3,0,0,4,3,1,1,1,1,1,surprise_neg,"Bonjour √† tous, Nous n'avons pas eu le temps de vous envoyer un message hier, mais nous nous sommes rendus compte que notre artisan avait d√©pos√© notre ancien meuble de salle de bains sous le preau. Cela devait partir au plus tard ce matin, mais c'√©tait d√©j√† parti. Veuillez nous excuser si quelqu'un s'en est charg√© √† notre place. Nous en sommes d√©sol√©s, ce n'√©tait pas le but... Tr√®s belle journ√©e √† tous. Aude et Matthieu"
4,1,3,1,0,0,0,2,0,1,1,1,1,0,neutre,"Bonjour monsieur Gilbert,  Veuillez trouver ci-joint le bilan de la r√©union de jeudi dernier.  Bien cordialement,  Laezel"
13,3,2,2,0,0,0,4,0,1,1,1,1,0,neutre,"Laezel  Voici la confirmation de votre rdv de mercredi prochain chez le dentiste.  Avant la fin de semaine, veuillez nous renvoyer √† cette adresse email les feuilles de soins que vous trouverez ci-joint.  Bien √† vous,  MLaezelssistante dentaire"
3,7,3,2,0,0,0,4,1,1,1,1,1,0,joie,"Salut ma poule,  J'esp√®re que tu vas bien.  J'ai des supers nouvelles !!!  Rappelle moi, il faut absolument qu'on se croise que je te raconte tout √ßa.  Plein de bisous.  Laezel"
9,3,0,3,2,1,0,3,1,1,1,0,1,1,joie,"Salut Michel,  Je reviens vers toi suite √† notre r√©union avec de bonnes nouvelles.  Le client √©tait ravi apr√®s notre diner et a sign√© le contract ce matin !  Passe un bon week-end et on se voit lundi pour f√™ter √ßa. Laezel"
9,9,2,2,3,0,0,2,5,1,1,1,1,1,tristesse,"Bonjour Jean-Pierre,  Je suis d√©sol√©e de t'annoncer cela par email mais je n'ai plus envie de garder √ßa pour moi.  Je t'ai tromp√© avec ton grand-p√®re et je te quitte.  Tu peux garder l'appartement, je pars vivre avec lui dans ta maison de famille.  Je suis navr√©e que tu l'apprennes de cette mani√®re mais il fallait que tu le saches.  Bon courage pour la suite.  Josiane"
11,4,1,1,1,0,0,3,4,1,1,1,1,1,tristesse,Laezel  J'ai le regret de vous annoncer que vous avez perdu le concours de Miss Poitou.  VousLaezeli-joint votre prix de consolation.   Il s'agit d'une boite de mouchoir pour pleurer votre d√©faite et d'un livre sur l'√©tat de l'art du TAL de 1998.  Sinc√®res salutations.  Jean-Paul du Pont du GarLaezel
9,4,5,2,1,1,0,2,5,1,1,1,1,1,col√®re,"Michel,  Tu es vraiment un beau salaud!  Me quitter MOI par mail !!! Tu n'as pas honte !?! Et en plus tu me laisses le chien, alors que tu sais que je suis allergique √† ses croquettes !!! Au revoir connard Laezel(ton ex qui a br√ªl√© tes chemises sur la pelouse)"
11,5,3,1,0,0,0,5,0,1,1,1,1,0,col√®re,"Jean-Paul,  Je r√©it√®re ma demande de validation de jour de cong√©. Devant prendre mes billets pour les Maldives avant la fin de la semaine, j'aurais besoin qu'il soient valid√© sous peu. Si vous pouviez faire votre travail au plus vite vous me trouverez de meilleure humeur.  Merci d'avance. Cordialement, Laezel"
8,2,2,1,1,0,0,5,2,1,1,1,1,1,surprise_pos,"Bonjour Madame,  Je suis agr√©ablement surprise de votre r√©ponse.  Au vu de mon dossier d√©sastreux,  je pensais que vous rejetteriez ma demande.  Merci pour votre aide et votre patience.  Bien √† vous,  Laezel"
12,7,2,1,0,1,1,1,2,1,1,1,1,0,surprise_neg,"Bonjour Monsieur,  Suite √† notre conversion je pensais que la situation √©tait en voie de r√©solution.   Il se trouve qu'en rentrant chez moi j'ai d√©couvert le chantier dans le m√™me √©tat qu'en partant! Avez-vous ne serait-ce que commencer les travaux ? Cordialement,  Mm Tortue Cliente num√©ro : 2456789"
9,6,7,4,1,0,0,2,2,1,1,1,1,1,neutre,"Bonjour,  Suite √† des probl√®mes li√©s aux pi√®ces justificatives de mon DSE, je n‚Äôai √† ce jour toujours pas de bourse. Mais j‚Äôai enfin re√ßu ma nouvelle notification conditionnelle. Comme je n‚Äôarrive pas √† la d√©poser dans PJWEB, je me permets de vous la transf√©rer directement par mail.   En vous souhaitant une bonne journ√©e,  Cordialement."
4,1,2,3,1,2,0,5,1,1,1,1,1,1,joie,"Bonjour,   Merci beaucoup pour vos actions ! J‚Äôesp√®re recevoir de bonne nouvelles pour la phase compl√©mentaire !   Merci encore et bonne journ√©e."
9,4,6,2,0,1,0,2,1,1,1,1,1,0,tristesse,"Bonjour,   Malheureusement, je ne pourrais pas assister au spectacle de fin d'ann√©e scolaire en raison d'une entorse... Cela me chagrine d'autant plus que l'√©quipe s'est √©norm√©ment investie dans le projet...  Je vous envoie tout mon soutien!  Merci pour cette ann√©e,   Cordialement."
13,12,11,3,4,0,1,3,5,1,1,1,1,1,col√®re,"Bonjour,  Je ne comprends pas ce qui se passe? J'aimerais en discuter au t√©l√©phone au plus vite car c'est la deuxi√®me fois que √ßa arrive. L√† je n'ai √©t√© pr√©venue nul part et de part ma surveillance quotidienne, je sais qu'√† aucun moment mon compte a √©t√© dans le n√©gatif.  J'en avais d√©j√† parl√© √† une conseill√®re qui m'avait dit qu'elle ferait un geste commercial pour me rembourser, mais je n'ai jamais eu de nouvelles depuis. Je songe √† changer de banque car cette situation me stresse √©norm√©ment.  Cordialement."
6,3,2,2,0,2,0,6,0,1,1,1,1,0,surprise_pos,"Bonjour,   Je dois dire que je ne m'attendais pas √† cela! En tout cas f√©licitations pour cet heureux √©v√®nement! Je vous souhaite le meilleur pour le futur.  Bonne continuation,  Cordialement."
7,6,5,1,1,0,0,1,2,1,1,1,1,1,surprise_neg,"Bonjour,  Je suis assez d√©contenanc√©e par la situation... Personne ne m,'a pr√©venue de ce changement de programme dans le planning, je ne peux ainsi pas √™tre pr√©sente aux jours et horaires indiqu√©s.  Merci de me pr√©venir lorsque cela arrive √† l'avenir.  Cordialement."
17,5,3,1,3,0,1,0,1,1,1,1,1,1,neutre,"Salut Madalina (et Georgeta en copie),  On √©tait en train de discuter avec Laezelde la possibilit√© de faire une r√©union par rapport au travil que tu as effectu√© durant l'√©t√©. Ca serait l'occasion pour moi de voir plus en d√©tail ce qui a √©t√© fait et on pourrait rediscuter avec GeoLaezel probl√®mes que nous avons √©voqu√©s hier √† LLcD. Serais-tu disponible mardi le 17 pour une r√©union √† Modyco ? La r√©union pourrait avoir lieu √† 11h, √† midi ou √† 13h.  A bient√¥t, AleksaLaezel"
72,38,36,18,12,0,2,8,5,1,1,1,1,1,neutre,"Hello,  Au cas o√π tu n‚Äôas plus mal √† la t√™te, t‚Äôinqui√®te pas, j‚Äôai trouv√© un bug qui fera revenir la douleur.  Je viens de trouver un bug important dans le script qui nettoie les treebanks concanten√©s, pour qu‚Äôon ait des nombres de tokens comparable dans les deux langues. En fait le script ne trouvait pas les phrases qui √©taient en dessous de la limite inf√©rieure, mais trouvait bien les phrases plus longues que la limite sup√©rieure.  Je ne sais pas si tu te rappelles mais en gros si par exemple on donne au script un treebank concanten√© avec 1000 phrases √©crites et 1000 phrases orales, il calcule the interquartile range pour le nombre de tokens. Il √©limine ensuite disons toutes les phrases qui ont moins de 5 tokens et plus de 50. On finit donc avec 700 phrases √©crites et 800 phrases orales disons. Le script donc revient au treebanks non concanten√©s et cherche 300 phrases a l‚Äô√©crit et 200 phrases a l‚Äôoral, dont les longueurs sont dans le iqr calcul√© avant, pour finir avec 1000 phrases de chaque c√¥t√©.  Du coup maintenant le script √©limine bien plus de phrases, particuli√®rement dans l‚Äôoral-ecrit, parce qu‚Äôil y a plein des phrases tres courtes √† l‚Äôoral. Tout va bien quand on veut 1000 phrases de chaque c√¥t√©, mais si on veut 2000 on n‚Äôa pas assez de phrases dans le treebank oral avec un nombre de tokens dans l‚ÄôIQR pour remplacer ce qu‚Äôon a supprim√©, donc on finit avec 2000 phrases de l‚Äô√©crit et 1477 phrases dans l‚Äôoral. Les longueurs seront comparables, mais bien √©videmment le nombre de phrases ne l‚Äôest plus. Avec 2776 phrases, on a 2776 phrases √©crites et 1252 de phrases orales (j‚Äôaurais d√ª me rendre compte qu‚Äôil serait impossible d‚Äôavoir le nombre total de phrases dans le treebank final!!!)  Donc, dans ce cas, est-ce qu‚Äôon fait des experiences avec moins de phrases pour l‚Äôoral √©crit? Est-ce que c‚Äôest preferable d‚Äôavoir plus de phrases mais des longueurs pas normalis√©s?  Laezel"
36,10,5,16,9,0,0,6,3,1,1,1,1,1,tristesse,"Ch√®res et chers coll√®gues,   J'ai la grande tristesse de vous annoncer le d√©c√®s de Laezel √âlu ma√Ætre de conf√©rences en 1972 √† la Sorbonne Nouvelle, il y est devenu professeur des universit√©s en 1978. Il y a enseign√© la litt√©rature anglaise moderne et contemporaine jusqu'√† sa retraite en 2000 et a √©t√© √©galement pr√©sident du jury de l'agr√©gation d'anglais de 1987 √† 1991. Sp√©cialiste internationalement reconnu de po√©sie britannique, en particulier de Robert BrowLaezelt et des po√®teLaezel du XXe si√®cle, il a publi√© de nombreux articles et ouvrages dans ce domaine. Il a notamment pr√©fac√© et co-dirig√© une Anthologie bilingue de la po√©sie anglaise de r√©f√©rence, dans la Biblioth√®que de la Pl√©iade. Sa passion pour la transmission et la p√©dagogie a marqu√© plusieurs g√©n√©rations d'√©tudiants et de coll√®gues.   Au nom de toute la communaut√© de la Sorbonne Nouvelle, j'adresse mes sinc√®res condol√©ances √† sa famille et √† ses proches.   Tr√®s cordialement"
35,9,8,14,8,0,1,7,3,1,1,1,1,1,tristesse,"Ch√®res et chers coll√®gues,  J'ai la grande tristesse de vous annoncer le d√©c√®s de Laezel survenu le 27 ao√ªt dernier. Serge Laezelenseignant au sein du d√©partement de M√©diation culturelle depuis 2004.   Durant sa carri√®re, il a enseign√© √† l'Universit√© Paris 8 Vincennes - Saint-Denis, √† l'IRTS Paris √éle-de-France, √† Sciences Po Paris avant de nous rejoindre en 2004 en tant que charg√© de cours, puis depuis 2012 en tant que PAST. Il travaillait √©galement depuis 2004 pour l'association ""Cultures du Coeur"" en tant que concepteur et responsable de la formation nationale √† la m√©diation culturelle. En 2012, il a publi√© l‚Äôouvrage ""Et si on partageait la culture ? Essai sur la m√©diation culturelle et le potentiel du spectateur"" aux √âditions de l‚ÄôAttribut.  Par sa passion et son exp√©rience professionnelle, Serge Saada Laezelpport√© au d√©partement de M√©diation culturelle et √† la Sorbonne Nouvelle dans son ensemble.  Au nom de toute la communaut√© de la Sorbonne Nouvelle, j'adresse mes sinc√®res condol√©ances √† sa famille et √† ses proches.    Tr√®s cordialement,"
28,9,5,20,7,0,0,8,2,1,1,1,1,1,tristesse,"Ch√®res et chers coll√®gues,   J‚Äôai la grande tristesse de vous annoncer le d√©c√®s de Laezel survenu le 8 ao√ªt dernier. St√©phane WitkLaezelconseil de gestion de l‚ÄôInstitut des Hautes √âtudes de l‚ÄôAm√©rique Latine de 2000 √† 2023.  Grand connaisseur de l‚ÄôAm√©rique latine, il avait un attachement particulier pour le Br√©sil, Cuba et le Venezuela. Tout au long de sa carri√®re, il a travaill√© au renforcement des relations entre les entreprises fran√ßaises et latino-am√©ricaines. Il a √©t√© un conf√©rencier reconnu. St√©phane Witkowski a grandLaezelaire de notre universit√© un acteur incontournable de la coop√©ration universitaire entre la France et l'Am√©rique latine. Les directeurs et directrices de l‚ÄôIHEAL ont toujours pu compter sur sa pr√©sence active et bienveillante comme sur sa vision strat√©gique.   Au nom de toute la communaut√© de la Sorbonne Nouvelle, j'adresse mes sinc√®res condol√©ances √† sa famille et √† ses proches.  Tr√®s cordialement,"
6,3,1,1,0,0,1,1,0,1,1,1,1,0,neutre,"Bonjour Madame, Je vous contacte afin de renouveler mon abonnement annuel aux cours de curling dispens√©s par votre centre. Quelle d√©marche dois-je entreprendre ? Merci."
53,22,14,15,6,0,0,11,1,1,1,1,1,1,neutre,"C'est not√©. Je recontacte le service des dipl√¥mes d√®s que j'ai des nouvelles des proc√®s-verbaux.**Bonjour Monsieur, la proc√©dure √† suivre est la suivante : - Vous devez premi√®rement remplir un bordereau de versement en indiquant le nombre de bo√Ætes √† verser et le contenu de ces derni√®res. Pour chaque bo√Æte, veuillez indiquer les typologies majoritaires pr√©sentes ainsi que leurs dates extr√™mes (date du document le plus ancien - date du document le plus r√©cent). Aller dans le d√©tail n'est pas n√©cessaire, essayez juste de r√©diger une description qui nous permettrait de retrouver un document sp√©cifique en cas de demande.  - Faites ensuite signer ce bordereau √† votre responsable et renvoyez le √† la liste g√©n√©rique du service des archives.  - Nous validerons ce dernier et vous proposerons une date de collecte. Veillez √©galement √† pr√©voir une version papier et sign√©e (manuscrite) du bordereau afin que ce dernier soit r√©cup√©r√© au moment de la collecte. Il sera ensuite sign√© par la responsable du service des archives et vous sera renvoy√© sous peu. Ce bordereau agira comme preuve du versement et vous aidera dans d'√©ventuelles futures demandes de communication. Je vous joins un bordereau du service financier actuellement en cours de classement, vous pouvez vous en inspirer pour l'organisation du votre. Je reste √† votre disposition pour d'√©ventuelles interrogations. Bien √† vous,"
9,8,4,1,1,1,0,3,3,1,1,1,1,1,joie,√áa s'est super bien pass√© ! On a √©voqu√© les soucis au niveau de l'absence de documentation concernant les proc√©dures d'habilitation et plein d'autres probl√®mes que j'ai pu relev√©s. Je te donnerai des nouvelles quand tu reviens. TU AS DE QUOI √äTRE FI√àRE L√Ä
13,9,8,2,0,0,1,1,3,1,1,1,1,0,tristesse,"Bonjour, J'ai utilis√© une machine kumo √† la caf√©t√©ria crous de la sorbonne nouvelle, les bento au poulet √©taient not√©s disponibles sur l'√©cran j'en ai donc command√© un. Seulement il n'y en avait plus dans la machine. J'ai √©t√© d√©bit√©e de 6euros sans avoir rien re√ßu... Quelle proc√©dure dois-je suivre pour √™tre rembours√©e ? Je ne peux malheureusement pas juste ignorer ce paiement avec ma situation d'√©tudiante."
8,5,4,0,2,0,0,1,4,1,1,1,0,1,tristesse,"Hello Pierre, je suis d√©sol√©e mais je ne pourrais pas √™tre l√† √† la r√©p√©tition de mercredi. Je suis vraiment surcharg√©e avec les cours et j'ai √† peine regard√© les grilles. Je vais √©crire un message sur le groupe whatsapps pour pr√©venir les autres."
10,14,7,0,2,0,0,1,2,1,1,1,0,1,col√®re,"Julien, je peux pas parler sur mon t√©l√©phone vu qu'il est cass√©, j'en peux plus, du coup j'√©cris des mails oui ON EN EST L√Ä. Jte jure j'√©tais √† Saint-Denis et il s'est √©teint mais vu que le bouton marche plus Laezel√âTEINT √Ä JAMAIS. Je vais cabler mdrrr. Tout √† l'heure rendez-vous 19h30 √† la mairie si t'es pas l√† JE TE P√àTE LES GENOUX."
2,2,4,2,0,1,0,3,0,1,1,1,1,0,surprise_pos,"Oh g√©nial, je ne pensais pas que nous pourrions revenir aussi t√¥t, merci pour l'information. Bonne semaine √† tous !"
0,3,1,2,0,2,0,1,0,0,1,1,1,0,surprise_pos,"Incroyable !!! TU VOIS ! Je savais que t'allais l'avoir, je suis trop contente pour toi !"
7,6,6,5,3,0,0,7,1,1,1,1,1,1,surprise_pos,"Ah oui, en fait je m'attendais pas √† √ßa mais je trouve que √ßa rend vachement bien, j'imaginais un r√©sum√© rapide mais tu nous as vraiment fait un roman. Trop bien, mais en vrai la prochaine fois je suis chaud pour le faire √† ta place, comme √ßa on a un bel historique de nos parties"
8,10,4,0,0,0,3,2,3,1,1,1,0,0,surprise_neg,"Bonjour, Je donne suite au mail que je viens de vous envoyer. Je  viens de recevoir un courriel m'indiquant que ma candidature avait √©t√© refus√©e. Quel courriel dois-je croire ? S'agit-il d'une erreur ? Ai-je fait la formation alors que j'avais √©t√© refus√©e ? Je ne comprends pas cette situation. Merci beaucoup,"
5,3,4,0,0,0,0,0,0,1,1,1,0,0,surprise_neg,J'avoue ne pas comprendre le ton utilis√© dans votre mail de r√©ponse √† ma demande. Je n'avais pas √©t√© averti de la proc√©dure √† suivre.
17,10,5,5,0,0,0,2,2,1,1,1,1,0,surprise_neg,"Bonjour Laezel les demandes du patrimoine sont toujours trait√©es dans un d√©lai inf√©rieur √† une semaine malgr√© la charge de travail cons√©quente qu'elles engendrent. Les demandes, souvent peu pr√©cises, mobilisent g√©n√©ralement l'ensemble de l'√©quipe pendant plusieurs heures cons√©cutives. Votre courriel, bien que pris en compte, nous semble ignorer ce travail collaboratif commenc√© il y a de cela plusieurs mois. Nous reviendrons vers vous d√®s que l'ensemble des documents demand√©s aura √©t√© retrouv√©."
5,3,1,2,1,1,0,4,0,1,1,1,1,1,joie,"Bonsoir Dj√©na, Laezelm'a dit que lire ma kh√¥lle de sc√©nario t'int√©resserait et je serais quant √† moi ravie d'en avoir un retour si cela te convient ! Passe une bonne soir√©e :) LouiLaezel"
5,2,3,1,1,0,0,2,1,1,1,1,1,1,surprise_neg,Je vous transf√®re un mail de Mr Hareng et a priori on est encore dans la merde avec la fac‚Ä¶ Bonne chance quand m√™me üòâ
0,0,0,0,0,0,0,0,0,0,0,0,0,0,neutre,üôÉ
0,0,0,0,0,0,0,0,0,0,0,0,0,0,joie,üòù
0,0,0,0,0,0,0,0,0,0,0,0,0,0,tristesse,ü•≤
0,0,0,0,0,0,0,0,0,0,0,0,0,0,col√®re,üò§
0,0,0,0,0,0,0,0,0,0,0,0,0,0,surprise_pos,üòµ
0,0,0,0,0,0,0,0,0,0,0,0,0,0,surprise_neg,üò¶
2,2,0,1,0,0,0,0,1,1,1,0,1,0,neutre,"Bonjour, Absente jusqu'au 10 mai 2024 inclus, je vous r√©pondrai √† mon retour. Cordialement,"
2,0,1,1,0,1,0,2,0,1,0,1,1,0,joie,"Merci beaucoup madame ! Bonne journ√©e √† vous,"
8,4,3,1,0,0,0,3,2,1,1,1,1,0,tristesse,"Cher.e.s coll√®gues, Cher.e.s √©tudiant.e.s, J‚Äôai le regret de vous confirmer que, sur recommandation du Rectorat de Paris, la ‚ÄúDerni√®re f√™te √† Censier‚Äù, qui devait avoir lieu demain, est annul√©e. Bien cordialement,"
2,1,4,1,0,0,3,3,0,1,1,1,1,0,col√®re,Bonjour Madame Pourquoi les Laezeln'ont rien re√ßu ? Est-ce √† moi de les envoyer ? Merci de me dire le plus rapidement possible svp ?  Merci
2,0,1,1,0,1,0,3,0,1,0,1,1,0,surprise_pos,"D'accord, merci beaucoup ! Bonne journ√©e √† vous,"
2,3,5,0,1,0,0,1,0,1,1,1,0,1,surprise_neg,"Merci pour votre r√©ponse, n√©anmoins je ne comprends pas pourquoi contacter le BET puisqu'il s'agit d'un cours d√©pendant de Nanterre et non du BET de P3..."
16,6,1,2,1,0,0,7,1,1,1,1,1,1,neutre,"√Ä ce jour, certains documents devant √™tre collect√©s par vos donneurs d‚Äôordres sur la plateforme e-Attestations sont manquants ou expir√©s. Veuillez renseigner les documents suivants :  Pour l‚Äô√©tablissement ..... :  Attestation de vigilance (6 mois) Donneur d‚Äôordres concern√© : ACOLAD  Connectez-vous √† votre compte e-Attestations https://declarants.e-attestations.com/EAttestationsFO afin de mettre √† jour vos dossiers.   Cordialement, L'√©quipe e-Attestations"
19,6,5,5,0,0,0,6,2,1,1,1,1,0,neutre,"Bonjour,  Vous √™tes auto-entrepreneur, vous avez l'obligation de d√©clarer pour le 3√®me Trimestre 2024 votre chiffre d'affaires, m√™me lorsque ce montant est nul. Si votre chiffre d'affaires est sup√©rieur √† z√©ro, vous devez √©galement payer les cotisations correspondantes.  Nous vous invitons √† vous connecter √† votre service en ligne avant le 31/10/2024 23:59.  Merci de ne pas tenir compte de ce message si vous avez d√©j√† effectu√© ces formalit√©s.  Nous vous remercions de votre confiance.  Cordialement  Pour toute information, nous vous invitons √† vous rapprocher de votre interlocuteur habituel au 3698"
7,3,0,1,1,0,0,1,0,1,1,0,1,1,joie,"J‚Äôai trouv√© ce po√®me en cherchant √† r√©cup√©rer des transcriptions d‚Äô√©missions de radio. √áa parle de fruits et du jardin √† l‚Äôautomne, c‚Äôest chouette."
1,0,0,2,1,1,0,2,1,1,0,0,1,1,joie,"C‚Äôest simple et beau, bisous !"
2,2,1,3,1,3,0,2,0,1,1,1,1,1,joie,Il est d√©j√† Laezel! J‚Äôadore et je suis press√©e de le voir en vrai üòÉ !! Gros bisous maman
